A. Vellalapatti
A.Thirumuruganpoondi
A.Vellalapatti
Aadityana
Aakera
Aali
Aalo
Aamadi
Aambaliyasan
Aantaliya
Aarambhada
Abdu Rahiman Nagar
Abhanpur
Abhayapuri
Abhirampur
Abiramam
Abohar
Abrama
Abu Road
Abupur
Achabal
Achalganj
Achalpur
Achampet
Achampudur
Acharapakkam
Acharipallam
Achhabal
Achhalda
Achhnera
Achipatti
Adaikkakuzhi
Adalaj
Adampur
Adari
Adat
Adbhar
Addur
Adichanalloor
Adikaratti
Adilabad
Adinad
Adiramapattinam
Adityapatna
Adityapur
Adiyanuthu
Adoni
Adoor
Adra
Aduthurai
Aduthurai alias Maruthuvakudi
Adyar
Afzalgarh
Afzalpur
Agar
Agaram
Agartala
Agarwal Mandi
Agastheeswaram
Agastinuagan
Agatti
Agra
Agra Cantonment
Aheri
Ahirkhedi
Ahiwara
Ahmadabad
Ahmadabad Cantonment
Ahmadnagar
Ahmadnagar Cantonment
Ahmadpur
Ahmedabad
Ahmedabad Cantonment
Ahmedgarh
Ahore
Ahrauli Shekh
Ahraura
Ahwa
Aiho
Ailam
Ailum
Aimanam
Air Force Area
Aishmuquam
Aistala
Aizawl
Ajaigarh
Ajanur
Ajeetgarh
Ajhuwa
Ajitpur
Ajmer
Ajnala
Ajodhya Nagar
Ajodhyanagar
Ajra
Akalgarh
Akaltara
Akathiyoor
Akbarpur
Akdoni Khurd
Akedadoongar
Akhnoor
Akkalkot
Akkalkuwa
Akkarampalle
Akkayapalle
Aklera
Akluj
Akoda
Akodia
Akola
Akot
Ala
Alagappapuram
Alagdiha
Alamathi
Alamcode
Alamelumangapuram
Alampalayam
Alampur
Aland
Alandi
Alandur
Alang
Alang-Sosiya
Alangad
Alanganallur
Alangayam
Alangudi
Alangulam
Alanthurai
Alapakkam
Alappuzha
Alathur
Alaudia
Alawalpur
Aldona
Alevoor
Alhaipur
Alhoran
Ali Pur
Alibag
Aliganj
Aligarh
Alikherva
Alikhoja
Alipukur
Alipur
Alipurduar
Alipurduar Railway Junction
Alipurduar Rly.Jnc.
Alirajpur
Allahabad
Allahabad Cantonment
Allahganj
Allapur
Allapuram
Allipur
Allipura
Almaspur
Almora
Almora Cantonment
Alnavar
Along
Alot
Alpur
Alur
Aluva
Alwal
Alwar
Alwarkurichi
Alwarthirunagiri
Amadalavalasa
Amalapuram
Amalhara
Amalner
Amanganj
Amanpur
Amara Khaira Chak
Amaravathi
Amardad
Amargarh
Amarkantak
Amarpatan
Amarpur
Amarshi Kasba
Amarwara
Amathur
Ambad
Ambada
Ambagarh Chowki
Ambah
Ambaji
Ambala
Ambala Cantonment
Ambala Cantt.
Ambala Sadar
Ambaliyasan
Amballur
Ambarnath
Ambasamudram
Ambassa
Ambattur
Ambehta
Ambejogai
Ambepur
Ambhua
Ambicapur Pt VI
Ambicapur Pt VIII
Ambikanagara
Ambikapur
Ambikapur Part-X
Ambivali T. Tungartan
Ambivali Tarf Wankhal
Amboli
Ambur
Ameenapur
Amehra Adipur
Amet
Amethi
Amethi Jadid
Amgaon bk.
Amgaon kh.
Amguri
Amila
Amilo
Amin Gaon
Aminagad
Aminagar Sarai
Aminagar urf Bhurbaral
Amini
Amkhera
Amkula
Amla
Amlabad
Amlagora
Amlai
Amlajora
Amli
Amloh
Ammainaickanur
Ammanur
Ammapattinam
Ammapettai
Ammavarikuppam
Ammoor
Amod
Amodghata
Amraudha
Amravati
Amreli
Amritsar
Amritsar Cantonment
Amritsar Cantt.
Amroha
Amta
Amtala
Anaimalai
Anaiyur
Anakapalle
Anakaputhur
Anand
Anand Nagar
Anandanagar
Anandapur
Anandnagar
Anandpar
Anandpur
Anandpur Sahib
Anantabati
Anantapur
Ananthapuram
Anantnag
Anantpur
Anarbaria
Ancharakandy
Andada
Andal
Andankoil East
Andipalayam
Andipatti Jakkampatti
Andro
Andrott
Andul
Anekal
Angamaly
Angarpathar
Anini
Anjad
Anjangaon
Anjar
Anjira
Anjugramam
Anjugrammam
Anjuna
Anjur
Anklav
Anklesvar
Anklesvar INA
Ankola
Anksa
Ankurhati
Annalagraharam
Annamalai Nagar
Annaram
Annavasal
Annigeri
Annur
Anpara
Antagarh
Antah
Antaliya
Antari
Antarjal
Anthicad
Anthiyur
Antu
Anugul
Anulia
Anup Nagar
Anupgarh
Anuppankulam
Anuppur
Anupshahr
Anurudhpur Purab Patti
Anwari
Aonla
Appakudal
Apra
Aquem
Ara
Arachalur
Arail Uparhar
Arakandanallur
Arakonam
Aralgoria
Aralvaimozhi
Arambag
Arambol
Arang
Arani
Aranthangi
Araria
Arasinakunte
Arasiramani
Arasur
Aravakurichi
Aravankad
Arcot
Arempudi
Areraj
Argari
Ariankuppam
Arimalam
Ariyallur
Ariyalur
Ariyappampalayam
Ariyur
Arjunda
Arjunpur
Arjyapalli
Arkalgud
Arki
Arkula
Armapur Estate
Armur
Arnia
Aron
Arookutty
Aroor
Arra
Arrah
Arsande
Arsikere
Arsodiya
Artauni
Arumanai
Arumbanur
Arumbavur
Arumuganeri
Aruppukkottai
Arvi
Arwal
Arwani
Asan  Khurd
Asan Khurd
Asangaon
Asansol
Asapur
Asarganj
Asaripallam
Ashadtalya
Ashmuji Khalsa
Ashok Nagar
Ashokapuram
Ashokenagar Kalyangarh
Ashoknagar
Ashoknagar Kalyangarh
Ashrafpur Jalal
Ashrafpur Kichhauchha
Ashta
Ashti
Asifabad
Asika
Asind
Asola
Assandh
Asudubi
Asuti
Atarra
Atasu
Ateli
Athagad
Athani
Athanur
Athimarapatti
Athipatti
Athipattu
Athirampuzha
Athivilai
Athiyannur
Athmallik
Athner
Athni
Atholi
Athur
Atmakur
Atrari
Atrauli
Atraulia
Atrauliya
Atru
Attayampatti
Attibele
Attingal
Attur
Atul
Aur
Aurad
Auraiya
Aurangabad
Aurangabad Bangar
Aurangabad Cantonment
Aurangabad Gadana
Auras
Ausa
Avadattur
Avadi
Avalapalli
Avalpoondurai
Avanashi
Avaniapuram
Avanur
Aversa
Avilala
Avinissery
Awadhan
Awagarh
Awalpur
Awantipora
Aya Nagar
Ayacode
Ayakudi
Ayancheri
Ayanivelikulangara
Ayappakkam
Aygudi
Ayodhya
Ayothiapattinam
Ayyalur
Ayyampalayam
Ayyampettai
Ayyappanthangal
Azamgarh
Azara
Azhagiapandiapuram
Azhagiapandipuram
Azhikode North
Azhikode South
Azhiyur
Azhoor
Azizpur
Azmatgarh
B. Mallapuram
B. Meenakshipuram
B.Mallapuram
Baba Bakala
Babai
Babanpur
Babar Pur
Babarpur Ajitmal
Baben
Baberu
Babhulgaon
Babina
Babiyal
Bablari Dewanganj
Babra
Babrala
Babua Kalan
Babugarh
Bachhraon
Bachhrawan
Bachpalle
Bachra
Bad
Bada
Bada Malhera
Badagabettu No.80
Badagada
Badagaon
Badagaulipady
Badagoan
Badakodanda
Badamba
Badami
Badami Bagh
Badamtam Tea Garden
Badangpet
Badarpur
Badarpur Railway Town
Badarpur Rly Town
Badarwas
Badawada
Baddi
Baddowal
Bade Bacheli
Badepalle
Badgam
Badh Malak
Badhagachhi
Badharghat
Badhi Majra
Badhni Kalan
Badi
Badkuhi
Badkulla
Badlapur
Badlya
Badmal
Badnagar
Badnawar
Badod
Badoda
Badoni
Badra
Badrinathpuri
Badshahpur
Baduria
Badvel
Bagaha
Bagalkot
Bagasara
Bagbahara
Bagbari
Bagbera
Bagepalli
Bageshwar
Baggar
Bagh
Bagh Nagar Urf Bakhira
Bagha Purana
Baghmara
Baghola
Baghpat
Bagicha
Bagli
Bagnan
Bagrana
Bagru
Bagula
Bah
Bahadarabad
Bahadurganj
Bahadurgarh
Bahadurpur
Bahalimpura
Baharampur
Baharu
Bahbari Gaon
Baheri
Bahir Sarbamangala
Bahirgram
Bahjoi
Bahraich
Bahsuma
Bahula
Bahuwa
Baidyabati
Baidyanathpur
Baihar
Baikunthpur
Bail Hongal
Bairabi
Bairatisal
Bairgania
Baisguri
Bajala
Bajna
Bajpe
Bajpur
Bajva
Bajwa
Bakalpur Mathura
Bakani
Bakewar
Bakhri
Bakhtawar Pur
Bakhtiarpur
Bakiabad
Bakkar Wala
Bakloh
Bakloh Cantonment
Baksa
Bakshi Ka Talab
Baksinagar
Baktarnagar
Bakultala
Balachaur
Balaga
Balaghat
Balagoda
Balagoda (Bolani)
Balakrishnampatti
Balakrishnapuram
Balangir
Balapallam
Balapur
Balaram Pota
Balarambati
Balarampota
Balarampur
Balasamudram
Balasinor
Baldeo
Baldeogarh
Baleshwar
Bali
Bali Koria
Balia
Baliadanga
Baliapur
Baliari
Balibhara
Balichak
Baliguda
Balihati
Balimela
Balipatapur
Balirampur
Balitha
Baliyasan
Balkundra
Ballarpur
Ballavpur
Ballepalle
Ballia
Bally
Balod
Baloda
Baloda Bazar
Balongi
Balotra
Balrampur
Balugaon
Baluhati
Balurghat
Balusseri
Bamangachhi
Bamangram
Bamanpukur
Bambolim
Bambooflat
Bamhani
Bamhni
Bamna
Bamor
Bamora
Bamun Sualkuchi
Bamunara
Bamunari
Ban Harishpur
Banaganapalle
Banagram
Banaigarh
Banapur
Banarhat Tea Garden
Banarsi
Banasthali
Banat
Banaur
Banbasa
Banda
Bandarulanka
Bandh Dih
Bandhail
Bandhbahal
Bandhgora
Bandia
Bandikui
Bandipore
Bandipur
Bandiya
Bandlaguda
Bandoan
Bandora
Baneshwarpur
Baneswar
Banga
Bangalore
Bangalpur
Bangaon
Bangaram
Bangarapet
Bangarda Bada
Bangarda Chhota
Bangarmau
Bangawan
Bangherimahabatpur
Bangomunda
Bangra Manjeshwar
Bangramanjeshwar
Bangsidharpur M P
Bangura
Banguwan Kalan
Baniara
Baniban
Baniban Jagadishpur
Banihal
Banjar
Banjarepur
Banjetia
Bank
Banka
Bankapura
Bankauli
Banki
Bankimnagar
Bankner
Bankra
Bankul
Bankura
Banmankhi Bazar
Bannur
Bansatar Kheda
Bansberia
Bansda
Bansdih
Bansgaon
Banshra
Bansi
Banswada
Banswara
Banthla
Bantval
Bantwa
Bantwal
Banumukkala
Banupur
Banur
Bapatla
Bapraula
Baqiabad
Bara
Bara Bamonia
Bara Jumla
Bara Mohansingh
Bara Suzapur
Barabazar
Baragaon
Barahatir Jagdishpur
Barahiya
Baraily
Barajamda
Baral
Baramati
Baramkela
Baramula
Baran
Baranagar
Barapali
Barara
Barasat
Baratola
Barauli
Barauni
Barauni IOC Township
Baraut
Barbari (AMC Area)
Barbigha
Barbil
Barda
Barddhaman
Bardol
Bardoli
Bardubhi
Bare
Bareilly
Bareilly Cantonment
Bareja
Barel
Barela
Bareta
Baretta
Bargachhia
Bargaon Rural
Bargarh
Bargarwa
Barghat
Bargi
Bargo
Bargur
Barh
Barha
Barhalganj
Barhani Bazar
Barharwa
Barhi
Bari
Bari Brahamana
Bari Brahmana
Bari Sadri
Barigarh
Barijhati
Barijpur
Barika Chuburi
Baripada
Bariwala
Barjora
Barkakana
Barkalikapur
Barkhera
Barki Saraiya
Barkot
Barman Kalan
Barmer
Barnala
Barora
Baroun
Barpathar
Barpeta
Barpeta Road
Barrackpore
Barrackpur
Barrackpur Cantonment
Barsana
Barshi
Barsur
Barua
Barua Bari Gaon
Barua Gopalpur
Barua Sagar
Barughutu
Baruihuda
Baruipara
Baruipur
Baruipur (P)
Barunda
Barwadih
Barwaha
Barwaha Kasba
Barwala
Barwani
Barwar
Barwara Mazra
Baryar
Basai
Basantapur
Basanti
Basantia
Basantpur Saitli
Basar
Basaria
Basavakalyan
Basavana Bagevadi
Basettihalli
Bashohli
Basina
Basirhat
Baska
Baskhoh
Basmath
Basna
Basni Belima
Basoda
Bassi
Bassi Pathana
Basta
Bastar
Basti
Basudebpur
Basugaon
Basukinath
Baswar
Batala
Batarashi
Bathinda
Batika
Batlagundu
Batote
Batul
Baua Kalan
Baudhgarh
Bavla
Bawal
Bawana
Bawani Khera
Bay
Bayad
Bayana
Bayana Rural
Bayarsing
Bayyanpur
Beawar
Bechar
Bedi
Bedla
Beejoliya Kalan
Beelna
Beerwah
Begamganj
Begampur
Begari
Begowal
Begum Pur
Begumabad Budhana
Begun
Begun Kodar
Begusarai
Beharia
Behat
Behea
Behrampur
Behror
Behta Hajipur
Bekobar
Bela
Bela Pratapgarh
Belagachhia
Beldanga
Beldubi
Belebathan
Belgaum
Belgaum Cantonment
Belgharia
Beliatore
Bellaguntha
Bellampalle
Bellary
Belma
Belonia
Belpahar
Belsand
Belsor
Beltangadi
Belthara Road
Belumilki
Belur
Belvata
Bemetara
Bemetra
Benakanahalli
Benaulim
Benia Gram
Beniganj
Benipur
Benjanhari Acharial
Benudia
Beohari
Berandari Bagaria
Berasia
Berhait Bazar
Berhait Santali
Berhampore
Beri
Beriyawali
Berla
Bermo
Bestavaripeta
Beswan
Bethamangala
Bethamcheria
Bethamcherla
Betma
Betpuli
Bettiah
Betul
Betul-Bazar
Bewar
Beypore
Bhabat
Bhabhar
Bhabinipur
Bhabki
Bhabnan Bazar
Bhabua
Bhachau
Bhadarsa
Bhadauni
Bhadaur
Bhaderwah
Bhadgaon
Bhadkodara
Bhadohi
Bhadra
Bhadrachalam
Bhadrak
Bhadravati
Bhadreswar
Bhadson
Bhagabatipur
Bhagal
Bhagalpur
Bhagalpur (M.Corp)
Bhagatdih
Bhagawanpur
Bhagdawada
Bhagipur
Bhagirathpur
Bhagta Bhai Ka
Bhagur
Bhagwanpur
Bhagwant Nagar
Bhainsa
Bhainsdehi
Bhairamgarh
Bhakali
Bhakarsahi
Bhakhara
Bhalariya
Bhalki
Bhalpara
Bhalswa Jahangir Pur
Bhalukdubi
Bhalwal
Bhamal
Bhamian Kalan
Bhamodi
Bhandar Gachha
Bhandara
Bhandardaha
Bhander
Bhandra
Bhangar Raghunathpur
Bhangri Pratham Khanda
Bhanjanagar
Bhankharpur
Bhanowara
Bhanpura
Bhanpuri
Bhanupratappur
Bhanur
Bhanvad
Bhapur
Bharanikkavu
Bharat Heavy Electrical Limited Ranipur
Bharat Heavy Electricals Limited Ranipur
Bharatganj
Bharatpur
Bhardua
Bhargain
Bharoli Kalan
Bharthana
Bharthana Kosad
Bharuch
Bharuch INA
Bharuhana
Bharveli
Bharwari
Bhasa
Bhasaipaikar
Bhat
Bhatapara
Bhatenda
Bhatgaon
Bhati
Bhatkal
Bhatli
Bhatni Bazar
Bhatpar Rani
Bhatpara
Bhattian
Bhaurasa
Bhavani
Bhavanisagar
Bhavnagar
Bhavra
Bhavri
Bhawan Bahadur Nagar
Bhawani Mandi
Bhawanigarh
Bhawanipatna
Bhayavadar
Bhedaghat
Bheemavaram
Bheemunipatnam
Bhicholi Hapsi
Bhikangaon
Bhikhi
Bhikhiwind
Bhilad
Bhilai Charoda
Bhilai Nagar
Bhilakhedi
Bhiloda
Bhilwara
Bhim
Bhim Kanari
Bhimaram
Bhimarayanagudi
Bhimavaram
Bhimpore
Bhimram
Bhimtal
Bhind
Bhinder
Bhinga
Bhingar
Bhinmal
Bhisiana
Bhitarwar
Bhiwadi
Bhiwandi
Bhiwandi Nizampur
Bhiwani
Bhogadi
Bhogaon
Bhogpur
Bhojpur Dharampur
Bhojudih
Bhokar
Bhokara
Bhokardan
Bhokarhedi
Bholar Dabri
Bholav
Bhondsi
Bhongir
Bhoogar
Bhopal
Bhopalpattanam
Bhor
Bhor Garh
Bhore
Bhota
Bhowali
Bhowrah
Bhuban
Bhubaneswar
Bhucho Mandi
Bhuindhara
Bhuj
Bhulath
Bhulepur
Bhuli
Bhum
Bhuntar
Bhupalpalle
Bhuragaon Rev. Town
Bhuran
Bhurivel
Bhusawal
Bhusawar
Bhuvanagiri
Bhuwana
Bhuwaneshwar
Biaora
Biate
Bibinagar
Bichhiya
Bichhri
Bicholim
Bid
Bid Rural
Bidadi
Bidar
Bidasar
Bidhan Nagar
Bidhannagar
Bidhuna
Bidyadharpur
Bighapur
Bihar
Bihar Sharif
Bihat
Bihka Urf Pura Mufti
Bihpuria
Bihta
Bijapur
Bijawar
Bijbehara
Bijepur
Bijeypur
Bijni
Bijnor
Bijpur
Bijuri
Bikaner
Bikapur
Bikihakola
Bikketti
Bikram
Bikramganj
Bilaigarh
Bilandapur
Bilara
Bilari
Bilariaganj
Bilasipara
Bilaspur
Bilaua
Bilgi
Bilgram
Bilha
Bilhaur
Bilimora
Bilkanda
Billawar
Biloli
Bilpahari
Bilpura
Bilram
Bilsanda
Bilsi
Bina - Etawa
Bina Etawa
Bina Railway Colony
Bina Rly Colony
Bindki
Binika
Binnaguri
Bipra  Noapara
Bipra Noapara
Bir Ghaghar
Bira
Biramitrapur
Birapratappur
Birbhanpur
Birgaon
Birjapur
Birlapur
Birnagar
Birodhi
Birpara
Birpur
Birsinghpur
Birur
Birwadi
Bisalpur
Bisanda Buzurg
Bisauli
Bishalgarh
Bishama Katek
Bishamakatak
Bisharatganj
Bishna
Bishnugarh
Bishnupur
Bishrampur
Bishunipur
Bisokhar
Bissau
Biswan
Biswanath Chariali
Bithoor
Bitra
Bobbili
Bobruwada
Boda
Bodeli
Bodh Gaya
Bodhan
Bodinayakanur
Bodinayakkanur
Bodla
Bodri
Boduppal
Boh
Bohari
Boisar
Bokajan
Bokakhat
Bokaro
Bokaro Steel City
Boleng
Bollaram
Bolpur
Bombooflat
Bomdila
Bommanahalli
Bommasandra
Bondathila
Bongabar
Bongaigaon
Bongaigaon Refinery & Petro-Chemical Ltd Township
"Bongaigaon, Refinery & Petro-chemical Ltd. Township"
Bongaon
Bonthapalle
Boothapandi
Boothipuram
Bopal
Bora Gagangohalia
Borai
Boraj-Kazipura
Borawar
Borgaon
Borgolai Grant No.11
Bori
Boriavi
Borigam
Boriguma
Borim
Borio
Borivali Tarf Rahur
Borkhedi
Borli Panchtan
Borpukhuri
Borsad
Botad
Bowali
Bowluvada
Boyapalle
Brahmabarada
Brahmakulam
Brahmana Periya Agraharam
Brahmana Periya-Agraharam
Brahmapur
Brahmapuri
Brajarajnagar
Briddhanagar
Brindabanpur
Budaun
Budbud
Budge Budge
Budha Theh
Budhana
Budhapanka
Budhgaon
Budhlada
Budhni
Budhpura
Budni
Bugganipalle
Bugrasi
Buguda
Buita
Buja Buja Nellore
Bulandshahr
Buldana
Bundi
Bundia
Bundu
Bungal
Burari
Burhanagar
Burhanpur
Burhar
Buria
Burla
Bursera
Buxar
Buxer
Buxwaha
Buzurg
Byadgi
Byasanagar
Byatarayanapura
Byrapura
Calangute
Calapor
Canacona
Candola
Candolim
Carapur
Cart Road
Central Hope Town
Chabua
Chachanda
Chachaura-Binaganj
Chachoki
Chadura
Chaibasa
Chail
Chain Pur
Chak Alampur
Chak Babura Alimabad
Chak Bankola
Chak Bansberia
Chak Banshberia
Chak Barbaria
Chak Baria
Chak Bhrigu
Chak Enayetnagar
Chak Imam Ali
Chak Kalu
Chak Kanthalia
Chak Kashipur
Chak Ratnu
Chak Sikari
Chakan
Chakapara
Chakardharpur
Chakchaka
Chakdaha
Chakeri
Chakghat
Chakia
Chakiabhita
Chakkarapalli
Chaklasi
Chakmano Urf Dargah
Chakmeghoan
Chakradharpur
Chakrata
Chaksu
Chakulia
Chala
Chalakudy
Chalala
Chalantapara Pt IV
Chalisgaon
Challakere
Chalsa Mahabari
Chalthan
Chaltia
Chamarajanagar
Chamba
Chamkaur Sahib
Chamoli Gopeshwar
Champa
Champahati
Champawat
Champdani
Champhai
Champua
Chamrail
Chamrajnagar
Chanari
Chanasma
Chanchal
Chandameta - Butaria
Chandameta-Butaria
Chandan Hola
Chandannagar
Chandapur
Chandapur Champagachhi
Chandauli
Chandaur
Chandausi
Chanddandaha
Chanderi
Chandi Mandir
Chandia
Chandigarh
Chandil
Chandili
Chandipur
Chandkapur
Chandkheda
Chandla
Chandlodiya
Chandpala Anantapathpur
Chandpara
Chandpur
Chandpur M
Chandrakona
Chandrapada
Chandrapur
Chandrapur Baghicha
Chandrapur Bagicha
Chandrapura
Chandur
Chandur Railway
Chandurbazar
Chanduria
Chandvad
Chandwa
Changanassery
Changlang
Changsari
Changtongya
Chanje
Channagiri
Channapatna
Channarayapatna
Channarayapattana
Chanod
Chanpatia
Chapakhowa Town
Chapar
Chapari
Chapra
Chapui
Char Brahmanagar
Char Maijdia
Charama
Charar-i-Sharief
Charari Sharief
Charhi
Charibatia
Charingia Gaon
Charipara
Charka
Charkhari
Charkhi Dadri
Charthaval
Charthawal
Chas
Chaspara
Chata Kalikapur
Chatakonda
Chathirareddipatti
Chatibor Gaon
Chatra
Chatrapatti
Chatta Baria
Chattar Pur
Chaulia
Chaumuhan
Chaupal
Chauparan
Chaurai Khas
Chaurhat
Chavakkad
Chavara
Chawand
Chechakhata
Chechat
Cheeka
Cheema
Cheepurupalle
Chegunta
Chekkiad
Chekonidhara
Chekya
Chelad
Chelakkara
Chelamattom
Chelambra
Chelannur
Cheleri
Chelora
Chelur
Chemancheri
Chemmumiahpet
Chemnad
Chenani
Chenar Village
Chenbagaramanputhur
Chendamangalam
Chendhare
Chendrappini
Chengala
Chengalam South
Chengalpattu
Chengam
Chengamanad
Chengannur
Chengappalli
Chennagiri
Chennai
Chennamukkapalle
Chennasamudram
Chennimalai
Chennithala
Chennur
Cheppad
Cheranallur
Cheranmadevi
Cherapunjee
Cheriyam
Cheriyamundam
Cherlopalle
Cherpu
Cherra
Cherrapunjee
Cherthala
Cherukavu
Cherukunnu
Cheruthazham
Cheruthuruthi
Cheruvannur
Chethipuzha
Chetlat
Chetpet
Chettiarpatti
Chettinaickenpatti
Chettipalayam
Chettithangal
Chevvoor
Chhabra
Chhachhrauli
Chhanera
Chhapar
Chhapi
Chhapiheda
Chhapra
Chhaprabhatha
Chhapraula
Chhaprauli
Chharchha
Chharra Rafatpur
Chhata
Chhatari
Chhatarpur
Chhatatanr
Chhatha
Chhatianmor
Chhatral
Chhatral INA
Chhatrapur
Chhawala
Chhawla
Chhaya
Chhekati
Chhibramau
Chhindwara
Chhipabarod
Chhiri
Chhitauni
Chhitpur
Chhora
Chhota Chhindwara (Gotegaon)
Chhota Gobindpur
Chhota Laukuthi
Chhota Suzapur
Chhota Udaipur
Chhotaputki
Chhoti Sadri
Chhuikhadan
Chhura
Chhurikala
Chhuriya
Chhutmalpur
Chicalim
Chichli
Chicholi
Chidambaram
Chidambaram Nm
Chidiga
Chik Ballapur
Chikanpara
Chikhala
Chikhalakasa
Chikhaldara
Chikhli
Chikiti
Chikkaballapura
Chikkabanavara
Chikkabidarakallu
Chikkajajur
Chikmagalur
Chiknayakanhalli
Chikodi
Chikrand
Chilakaluripet
Chilkana Sultanpur
Chilla Saroda Bangar
Chilla Saroda Khadar
Chiloda
Chiloda(Naroda)
Chimbel
Chinchani
Chinchinim
Chincholi
Chinchuria
Chingangbam Leikai
Chingoli
Chinna Anuppanadi
Chinnachintakunta
Chinnachowk
Chinnakalayamputhur
Chinnakkampalayam
Chinnalapatti
Chinnamanur
Chinnampalayam
Chinnamudalaipatti
Chinnasalem
Chinnasekkadu
Chinnathadagam
Chinnavedampatti
Chinniam palayam
Chintalavalasa
Chintamani
Chintapalle
Chiplun
Chipyana Buzurg
Chirakkal
Chirala
Chiramanangad
Chiranellur
Chirawa
Chirgaon
Chiria
Chirkunda
Chirmiri
Chitapur
Chitar Pur
Chitbara Gaon
Chitegaon
Chitgoppa
Chithode
Chitkul
Chitlapakkam
Chitradurga
Chitrakonda
Chitrakoot
Chitrakoot Dham
Chitrakoot Dham (Karwi)
Chittanda
Chittaranjan
Chittaurgarh
Chittilappilly
Chittoor
Chittur-Thathamangalam
Chityala
Chockli
Chodavaram
Chogawan
Chohal
Cholapuram
Chomon
Chomu
Chong Ghurali
Chongtong Tea Garden
Choolissery
Choondal
Choornikkara
Choozhal
Chopan
Chopda
Chopra
Chorode
Chorvad
Chota Gamahria
Chota Haibor
Chotila
Choto Haibor
Choubepur Kalan
Choudwar
Choutuppal
Chowwara
Chuari Khas
Chuglamsar
Chumukedima
Chunar
Chunchupalle
Churhat
Churi
Churk Ghurma
Churu
Clement Town
Coimbatore
Colachel
Colgong
Colonelganj
Colvale
Contai
Coonoor
Cooper's Camp
Corlim
Cortalim
Courtalam
Cuddalore
Cuddapah
Cumbarjua
Cumbum
Cuncolim
Curchorem Cacora
Curchorem-Cacora
Curti
Curtorim
Cuttack
Dabgram
Dabhoi
Dabhol
Dabhra
Daboh
Dabra
Dadar
Dadhapatna
Dadhel
Dadra
Dadri
Dafahat
Dafarpur
Dagshai
Dagshai Cantonment
Dahali
Dahanu
Dahegam
Daheli
Dahi
Dahilamau
Dainhat
Daitari
Dakhin Rampur
Dakor
Dakra
Dakshin Bagdogra
Dakshin Baguan
Dakshin Chatra
Dakshin Jhapardaha
Dakshin Khagrabari
Dakshin Khanda
Dakshin Odlabari
Dakshin Rajyadharpur
Dakshin Raypur
Dakshin Santoshpur
Dalavaipatti
Dalhousie
Dalhousie Cantonment
Dalkhola
Dalli-Rajhara
Dallo Pura
Dalmau
Dalsinghsarai
Daltonganj
Dalurband
Damalerimuthur
Daman
Damanjodi
Damara Patpara
Damnagar
Damodarpur
Damoh
Damua
Danara
Dandeli
Dandi
Dandidih
Dandirhat
Danga
Danguwapasi
Dankaur
Dankuni
Danta
Dantewada
Daper
Dapoli Camp
Daporijo
Dara Pora
Darappur
Darbhanga
Darewadi
Dargajogihalli
Dari
Dariapur
Dariba
Daringbadi
Dariyabad
Darjiling
Darlawn
Daroha
Darwha
Darya Pur Kalan
Daryapur
Daryapur Banosa
Dasanaickenpatti
Dasarahalli
Dasna
Dasnapur
Dasua
Dataganj
Datia
Dattapur Dhamangaon
Daudnagar
Daulatpur
Daund
Daundi Lohara
Daurala
Dausa
Davanagere
Davlameti
Davorlim
Dayal Pur
Dayalbagh
Deara
Debagarh
Debipur
Dediapada
Deeg
Deesa
Deglur
Dehari
Dehgam
Dehradun
Dehradun Cantonment
Dehri
Dehrisaray
Dehtora
Dehu
Dehu Road
Delhi
Delhi Cantonment
Delhi Cantt.
Delhi Municipal Corporation (U)
Delwara
Denkanikottai
Deoband
Deodar
Deodara
Deogarh
Deoghar
Deogiri
Deohra
Deolali
Deolali Cantonment
Deolali Pravara
Deoli
Deomali
Deora
Deoranian
Deoretha
Deori
Deori Singhpura
Deoria
Deorikalan
Deosaini
Depalpur
Dera Baba Nanak
Dera Bassi
Dera Colliery Township
Dera Gopipur
Dera Mandi
Deracolliery Township
Derapur
Dergaon
Desaiganj
Desamangalam
Deshnoke
Desoola
Desur
Deulgaon Raja
Deulgram
Deuli
Deulia
Deulpur
Dev Prayag
Devadanapatti
Devadurga
Devakottai
Devanahalli
Devanangurichi
Devanhalli
Devaprayag
Devapur
Devarakonda
Devarshola
Devasthanam
Devendranagar
Devgadbaria
Devgarh
Devhara
Devikapuram
Devinagar
Devipattinam
Devkar
Devrukh
Devsar
Dewa
Dewanpasa
Dewas
Dewhadi
Dhaka
Dhakauli
Dhaki
Dhakuakhana
Dhakuria
Dhalavoipuram
Dhali
Dhaliabari
Dhaliyur
Dhaluwala
Dhamanagar
Dhamdha
Dhamnod
Dhampur
Dhampur Husainpur
Dhamtari
Dhamua
Dhana
Dhanauha
Dhanaula
Dhanauli
Dhanaura
Dhanbad
Dhandadihi
Dhande Kalan
Dhandera
Dhandhuka
Dhanegaon
Dhanera
Dhania
Dhanipur
Dhanpuri
Dhanwar
Dhanyakuria
Dhar
Dharamapuram
Dharamjaigarh
Dharamkot
Dharampur
Dharampuri
Dharangaon
Dharapadavedu
Dharapur
Dharapuram
Dharasuram
Dharchula
Dharchula Dehat
Dhariawad
Dhariwal
Dharmabad
Dharmadom
Dharmanagar
Dharmapur
Dharmapuri
Dharmaram (P.B)
Dharmavaram
Dharmsala
Dharni
Dharoti Khurd
Dharuhera
Dharur
Dhasa Vishi
Dhatau
Dhatrigram
Dhaulpur
Dhaunsar
Dhaura Tanda
Dhaurehra
Dhaurra Mafi
Dhekiajuli
Dhekorgorha
Dhemaji
Dhenkanal
Dhilwan
Dhin
Dhing
Dhodaramohar
Dhola
Dholka
Dhone
Dhopatala
Dhoraji
Dhorimanna
Dhrangadhra
Dhrol
Dhubri
Dhuilya
Dhulagari
Dhulasimla
Dhule
Dhulian
Dhunki
Dhupguri
Dhuri
Dhusaripara
Dhwajnagar
Diamond Harbour
Dibai
Dibiyapur
Dibrugarh
Didihat
Didwana
Digapahandi
Digaru Gaon
Digboi
Digboi Oil Town
Digdoh
Digha
Dighawani
Digheli
Dighirpar
Dighwara
Dignala
Digras
Digvijaygram
Dihi Kalas
Dihimandalghat
Diken
Dildarnagar Fatehpur Bazar
Dimapur
Dimaruguri
Dina Nagar
Dinapur Cantonment
Dinapur Cantt.
Dinapur Nizamat
Dindar Pur
Dindaspur
Dindigul
Dindori
Dineshpur
Dinga Khola
Dinhata
Diphu
Diphupar 'A'
Dipka
Dirang
Dirba
Diu
Diwakari
Doboka
Dod Ballapur
Doda
Dogachhia
Dogadda
Doghat
Dohad
Dohrighat
Doiwala
Dokmoka
Dola
Domariyaganj
Domchanch
Domjur
Dommara Nandyal
Dommara Nandyala
Dommasandra
Domohani
Donalia
Dondaicha-Warwade
Dongar Parasia
Dongargaon
Dongargarh
Dongragarh
Donimalai Township
Donkamokam
Doom Dooma
Doraha
Doramangalam
Dornakal
Dornapal
Dostpur
Doundi
Dowleswaram
Drug Mulla
Dubra
Dubrajpur
Dudhani
Dudhi
Dudhkalmi
Dudhpatil Pt V
Dudhpatil Pt VI
Dugda
Dukli
Dulhipur
Duliajan No.1
Duliajan Oil Town
Dum Dum
Dumar Kachhar
Dumari urf Damodarpur Shahjahan
Dumarkunda
Dumdum
Dumka
Dumra
Dumraon
Dumriguri
Dundahera
Dundigal
Dunetha
Dungamal
Dungargarh
Dungariya Chhapara
Dungarpur
Dungra
Dungra Khasmahal
Durena
Durg
Durga Nagar Part-V
Durganagar
Durgapur
Durllabhganj
Duru Verinag
Duru-Verinag
Dusi
Dwarahat
Dwarakatirumala
Dwari Geria
Dwarka
Dyane
Edacheri
Edaganasalai
Edaicode
Edaikodu
Edakalinadu
Edakkalathur
Edakkazhiyur
Edakkode
Edappadi
Edappal
Edathala
Edathirinji
Edathiruthy
Edavilangu
Edayanchavadi
Eddumailaram
Egara
Egarkunr
Egra
Ekabbarpur
Ekambara kuppam
Ekangar Sarai
Ekdil
Eklahare
Eksara
Elamkunnapuzha
Elampalloor
Elathur
Elavally
Elayavoor
Elayirampannai
Ellakkudy
Ellandaikuttai
Ellenabad
Eloor
Elumalai
Eluru
Elwala
Emri
English Bazar
Enkakkad
Enumamula
Eral
Eramala
Eramalloor
Eranapuram
Erandol
Eranellur
Eranholi
Eraniel
Erashal
Erattupetta
Eravattur
Eravu
Erei
Erich
Eriodu
Erode
Erumaipatti
Erumapalayam
Eruvadi
Eruvatti
Etah
Etawah
Ethapur
Etmadpur
Ettayapuram
Ettimadai
Ettumanoor
Eyyal
Ezhome
Ezhudesam
Ezhupunna
Faizabad
Faizabad Cantonment
Faizganj
Faizpur
Falakata
Falna
Farah
Farakhpur
Farakka Barrage Township
Farasgaon
Faridabad
Faridkot
Faridnagar
Faridpur
Fariha
Farooqnagar
Farrakka Barrage Township
Farrukhabad-cum-Fatehgarh
Farrukhnagar
Fateh Nangal
Fateh Pur Beri
Fatehabad
Fatehganj Pashchimi
Fatehganj Purvi
Fatehgarh
Fatehgarh Churian
Fatehnagar
Fatehpur
Fatehpur Chaurasi
"Fatehpur Range, Dhamua Dunga Area"
Fatehpur Sikri
Fatellapur
Fatepur
Fatikroy
Fatwah
Fazalpur
Fazi Nagar
Fazilka
Feroke
Ferozepur Jhirka
Fertilizer Corporation of India Township
Fertilzer Corporation of IndiaTownship
Fingeshwar
Fiozpur
Firozabad
Firozpur
Firozpur Cantonment
Firozpur Cantt.
Forbesganj
Forest Village Lakhipathar
Freelandgunj
Frezarpur
FRI and College Area
Frisal
Fulchur
Fulkumari
G. Udayagiri
G.C.F Jabalpur
Gabberia
Gabhana
Gadag-Betigeri
Gadarpur
Gadarwara
Gadchiroli
Gaddi annaram
Gaddoo Pur
Gadhada
Gadhi
Gadhinglaj
Gadhra
Gadigachha
Gadkhol
Gadwal
Gagalhedi Must.
Gagret
Gairatganj
Gairkata
Gajapathinagaram
Gajendragarh
Gajraula
Gajsinghpur
Gajularega
Gajuwaka
Gajwel
Gakulnagar
Gakulpur
Galiakot
Galpadar
Gamdi
Gamiria Sagar
Ganapathipuram
Ganaur
Gandai
Ganderbal
Gandevi
Gandhi Nagar(Katpadi Ext.)
Gandhi Sagar Hydel Col
Gandhidham
Gandhigram
Gandhinagar
Gandipuram
Ganeshpur
Gangadharpur
Gangaghat
Gangaikondan
Gangakhed
Ganganagar
Gangapur
Gangapur City
Gangarampur
Gangavalli
Gangawati
Gangiri
Gangnapur
Gangni
Gangoh
Gangotri
Gangpur
Gangtok
Ganguvarpatti
Gangwa
Ganj Dundawara
Ganj Muradabad
Ganjam
Ganwaria Tulsipur
Ganye Gangadharpur
Garacharma
Garal
Garalgachha
Garauri
Garautha
Garbeta
Gardhiwala
Gargeswari
Garh Kamalpur
Garhakota
Garhi
Garhi Harsaru
Garhi Pukhta
Garhi Tamana
Garhi-Malhara
Garhmukhteshwar
Garhmukteshwar
Garhshankar
Garhshanker
Garhwa
Garia
Gariadhar
Garimellapadu
Gariyaband
Garoth
Garra
Garshyamnagar
Garulia
Gaur Daha
Gaura
Gaura Barhaj
Gaura Kala
Gaurella
Gauri Bazar
Gauribidanur
Gauripur
Gausganj
Gavaravaram
Gawan
Gaya
Gayespur
Gazipur
GCF Jabalpur
Geedam
Geni
Georai
Gerimari Chapori
Gerugambakkam
Ghagga
Ghagra
Ghanauli
Ghanaur
Ghanpur
Ghanpur Station
Ghansaur
Ghansor
Ghantapada
Ghanteshvar
Gharaunda
Gharghoda
Gharoli
Gharonda Neemka Bangar
Gharonda Neemka Bangar alias Patpar Ganj
Ghatal
Ghatal Mahaniawas
Ghatampur
Ghatanji
Ghatkesar
Ghatkeser
Ghatlodiya
Ghatshila
Ghaziabad
Ghazipur
Gheora
Ghiraur
Ghitorni
Gho Manhasan
Ghoda Dongri Ryt
Ghoga
Ghogha
Ghoghardiha
Ghoh
Ghola Noapara
Ghomanhasan
Ghorabandha
Ghoraberia
Ghoralia
Ghorawal
Ghorsala
Ghosal Chak
Ghosi
Ghosia Bazar
Ghoti Budruk
Ghughuli
Ghugus
Ghulewadi
Ghumarwin
Ghuni
Ghutgarya
Ghuwara
Giddaluru
Gidderbaha
Gidi
Gill
Gimhavane
Ging Tea Garden
Gingee
Gird Baragaon
Gird Gonda
Giria
Giridih
Goa Velha
Goaljan
Goalpara
Goasafat
Gobardanga
Gobichettipalayam
Gobindapur
Gobindgarh
Gobindpur
Gobra Nawapara
Gobranawapara
Gochar
Goda
Godda
Godhar
Godhra
Godiputamatiapara
Godoli
Gogaon
Gogapur
Gogipeth
Gogri Jamalpur
Gogunda
Gohad
Gohana
Gohand
Gohpur
Gokak
Gokak Falls
Gokal Pur
Gokhivare
Gokul
Gokul Shirgaon
Gokunda
Gola Bazar
Gola Gokaran Nath
Gola Gokarannath
Golabandha
Golaghat
Golaghatia Basti
Golokganj
Gomoh
Gonda
Gondal
Gondalpara
Gondiya
Gondpipri
Goniana
Gonikoppal
Gooty
Gopalasamudram
Gopalganj
Gopalpur
Gopamau
Gopavaram
Gopiganj
Gopinathpur
Gopjan
Gora Bazar
Gorah Salathian
Goraiya
Gorakhpur
Goraya
Goredi Chancha
Goregaon
Gormi
Gorrekunta
Gosainganj
Gossaigaon
Got
Gota
Gotamara
Gotegaon
Gothan
Gotheghar
Gothra
Gottikere
Goundampalayam
Govardhan
Govindgarh
Govindpur
Goyli
Greater Mumbai
Greater Noida
GSFC
GSFC Complex INA
Gua
Gubbi
Gudalur
Gudari
Gudibanda
Gudivada
Gudiyatham
Gudur
Guhagar
Guhala
Guirim
Gujarkheda
Gulabpura
Gulaothi
Gularia Bhindara
Gulariya
Gulariya Bhindara
Gulbarga
Guledgudda
Gulmarg
Guma
Gumaniwala
Gumia
Gumla
Gummidipoondi
Guna
Gunderdehi
Gundlupet
Gunduuppalavadi
Gunghasa
Gunnaur
Guntakal
Guntupalle
Guntur
Gunupur
Gurdaspur
Gurgaon
Gurgaon Rural
Gurh
Guriahati
Gurmatkal
Gursahaiganj
Gursarai
Guru Har Sahai
Gurur
Guruvayoor
Guskara
Gutlong Gaon
Guwahati
Gwalior
Gyalshing
Gyanpur
Habibpur
Habra
Hadgaon
Hadgood
Hafania
Hafiz Ganj
Hafizpur
Haflong
Haidergarh
Hailakandi
Hailey Mandi
Haileymandi
Hajan
Hajarmachi
Hajipur
Hajira INA
Halalpur Krishnapur
Haldaur
Haldia
Haldibari
Haldwani Talli
Haldwani-cum-Kathgodam
Hale-Dharmapuri
Halisahar
Haliyal
Hallaur
Halol
Haludbani
Haludpukhur
Halvad
Halwara
Halyan
Hameer Garh
Hamirpur
Hamren
Handia
Handiaya
Handwara
Hangal
Hansghara
Hansi
Hanskunda
Hanspukuria
Hanspura
Hanumana
Hanumangarh
Hanumanthampatti
Hanur
Haora
Hapur
Haqiqatpur Urf Khudawas
Haralahalli
Haralapura
Harapanahalli
Harda
Hardoi
Harduaganj
Harduli
Hardwar
Harekala
Hargaon
Harharia Chak
Hariana
Haridasmati
Harihar
Hariharpur
Harij
Harina
Harinadibhastsala
Harindanga
Haringhata Farm
Haripad
Haripur
Haripur Kalan
Harirampur
Harishpur
Hariyawan
Harpalpur
Harpanahalli
Harrai
Harraiya
Harsewakpur No.2
Harsud
Harsul
Harur
Harveypatti
Hasangarh
Hasanpur
Hasayan
Hasimnagar
Hasir
Hassan
Hassan Pur
Hassanpur
Hastinapur
Hastsal
Hat Saraiya
Hata
Hatgachha
Hathgram
Hathin
Hathras
Hathras Dehat
Hathua
Hatibandha
Hatkachora
Hatod
Hatpipalya
Hatpiplya
Hatsimla
Hatta
Hatti
Hatti Gold Mines
Hatwas
Haveri
Hawai
Hazaribag
Hazipur
Hebbagodi
Hebbalu
Heggadadevanakote
Heggadadevankote
Heingang
Heirok
Hemambikanagar
Herbertpur
Heri
Heriok
Herohalli
Hesla
Highways
Hijuli
Hill Town
Hilsa
Himatnagar
Hincha Gerya
"Hindalco Industries Ltd., Renukoot"
Hindalgi
Hindaun
Hindoria
Hindupur
Hindustan Paper Corporation Ltd. Township
Hindustan Paper Corporation Ltd. Township Area Panchgram
Hindusthan Cables Town
Hingalganj
Hinganghat
Hingoli
Hinjavadi
Hinjilicut
Hinkal
Hirakud
Hiramandalam
Hiranagar
Hirapur
Hirdepur
Hirekerur
Hiriyur
Hirmi
Hisar
Hisua
HMT Pinjore
Hnahthial
Hodal
Hojai
Holalkere
Hole Narsipur
Holenarsipur
Homnabad
Honavar
Hongalli
Honnali
Hoovina Hadagalli
Hosabettu
Hosakote
Hosanagara
Hosdurga
Hoshangabad
Hoshiarpur
Hoskote
Hospet
Hosur
Howli
Howraghat
Hubbathala
Hubli-Dharwad
Hudkeshwar bk.
Hugli-Chinsurah
Hukeri
Hukmakhedi
Hukumpeta
Huligal
Huliyar
Hunasamaranahalli
Hungund
Hunsur
Hupari
Hussainabad
Hussainpur
Hutagalli
Hutmura
Hyderabad
Hyderabad M.Corp
Ibrahim Pur
Ibrahimpatnam
Ibrahimpur
Ichalkaranji
Ichchapuram
Ichchhapor
Ichgam
Ichhapur
Ichhapur Defence  Estate
Ichhapur Defence Estate
Ichhawar
Ichhlampur
Ichoda
Idar
Idikarai
Idukki Township
Iduvai
Iffco Census Village
Igatpuri
Iglas
Ikauna
Iklehra
Ilambazar
Ilampillai
Ilanji
Ilayangudi
Ilkal
Iltifatganj Bazar
Iluppaiyurani
Iluppur
Imphal
Inam Karur
Inam Maniyachi
Indapur
Indergarh
Indi
"Indian Telephone Industry, Mankapur"
"Indian Telephone Industry, Mankapur (Sp. Village)"
Indipur
Indora
Indore
Indragarh
Indranagar
Indri
Injambakkam
Iravadanallur
Irba
Irikkur
Irimbiliyam
Iringal
Iringaprom
Irinjalakuda
Iriveri
Irongmara
Iroopara
Irugur
Isagarh
Isapur Banger
Isasani
Islamnagar
Islampur
Ismailabad
Isnapur
Isri
Itahar
Itamati
Itanagar
Itarsi
Itaunja
Itinda
Itwa
Jabalpur
Jabalpur Cantonment
Jabalpur Cantt.
Jabera
Jadcherla
Jadugora
Jadupur
Jafarabad
Jafarpur
Jaffar Pur Kalan
Jaffrabad
Jafrabad
Jagadanandapur
Jagadhri
Jagadishpur
Jagalur
Jagannathpur
Jagatballavpur
Jagathala
Jagatnagar
Jagatsinghapur
Jagdalpur
Jagdishpur
Jaggaiahpet
Jaggayyapet
Jagijhora Barabak
Jagiroad
Jagjeetpur
Jagner
Jagraon
Jagtaj
Jagtial
Jahanabad
Jahangirabad
Jahangirpur
Jahazpur
Jai Nagar
Jaijepur
Jainagar
Jainoor
Jaipur
Jairampur
Jais
Jaisalmer
Jaisinghnagar
Jait Pur
Jaitaran
Jaithara
Jaithari
Jaitpur
Jaitu
Jaitwara
Jajanga
Jajapur
Jakhal Mandi
Jakhaon
Jala Kendua
Jalah
Jalakandapuram
Jalal Patti
Jalalabad
Jalali
Jalalpore
Jalalpur
Jalalpur Dehat
Jalandhar
Jalandhar Cantonment
Jalandhar Cantt.
Jalaun
Jalda
Jalesar
Jaleshwar
Jaleswar
Jalgaon
Jalgaon (Jamod)
Jalgaon Jamod
Jali
Jallabad
Jalladiampet
Jallaram
Jallaram Kamanpur
Jalna
Jalochi
Jalor
Jalpaiguri
Jaluidanga
Jalukie
Jam Jodhpur
Jamadoba
Jamai
Jamalpur
Jambai
Jambusar
Jamhaur
Jamjodhpur
Jamkhandi
Jamkhed
Jammalamadugu
Jammu
Jammu Cantonment
Jamnagar
Jamner
Jamshedpur
Jamshila
Jamtara
Jamuhan
Jamui
Jamul
Jamunamukh
Jamuria
Jamwa Ramgarh
Janai
Janakpur Road
Jandiala
Jandli
Jangal
Jangalpara
Jangalpur
Jangaon
Jangipur
Jangl Hakeem No 2
Janki Nagar
Janpur
Jansath
Jaora
Jarhi
Jaridih Bazar
Jarjapupeta
Jarod
Jarwal
Jasai
Jasdan
Jashipur
Jashpur nagar
Jashpurnagar
Jasidih
Jaspur
Jasra
Jasrana
Jaswantnagar
Jata Chhapar
Jatani
Jatara
Jatari
Jateshwar
Jatragachhi
Jaunpur
Jaura Khurd
Jawad
Jawaharnagar
Jawaharnagar (Gujarat Refinery)
Jawai
Jawalamukhi
Jawar
Jawhar
Jayankondam
Jaygaon
Jaykrishnapur
Jaynagar
Jaynagar Mazilpur
Jaypur
Jaypur Bil
Jaysingpur
Jehanabad
Jejuri
Jemari
Jemari  (J.K. Nagar Township)
Jemari (J.K. Nagar Township)
Jena
Jeron Khalsa
Jetalsar
Jetia
Jetpur
Jetpur Navagadh
Jevargi
Jewar
Jeypur
Jhabrera
Jhabua
Jhadeshwar
Jhagarwas
Jhagra Pt.III
Jhagrakhand
Jhajha
Jhajjar
Jhakal Mandi
Jhakhri
Jhalawar
Jhalda
Jhalod
Jhalrapatan
Jhalu
Jhangra
Jhanjharpur
Jhansi
Jhansi Cantonment
Jhansi Railway Settlement
Jhansi Rly. Settlement
Jhanti Pahari
Jhargram
Jharia
Jharia Khas
Jharoda Kalan
Jharoda Majra Burari
Jharsuguda
Jhinghipahari
Jhinjhak
Jhinjhana
Jhinkpani
Jhorhat
Jhumpura
Jhumri Tilaiya
Jhundpura
Jhunjhunu
Jhunjhunun
Jhusi
Jhusi Kohna
Jiaganj Azimganj
Jiaganj-Azimganj
Jigani
Jillalguda
Jind
Jintur
Jiran
Jirapur
Jirat
Jiribam
Jitu
Jiwan Pur
Jiwan Pur alias Johri Pur
Jiwangarh
Jiyanpur
Jobat
Jobner
Joda
Jodhan
Jodhpur
Jog Falls
Jog Kargal
Jogabani
Jogbani
Jogendranagar
Jogindarnagar
Jogipet
Joka
Jolarpet
Jona Pur
Jonai Bazar
Jonk
Jorada
Jorapokhar
Jorethang
Jorhat
Joshimath
Joshipura
Jot Kamal
Joura
Jourian
Jowai
Joya
Joypul
Jua
Jubbal
Jugauli
Jugial
Jugsalai
Jujarsaha
Julana
Junagadh
Junagarh
Junnar
Jutogh
Jutogh Cantonment
Jyoti Khuria
Jyoti Khuriya
K.Madapur
Kabatabandha
Kabilpor
Kabisurjyanagar
Kabnur
Kabrai
Kabri
Kachhauna Patseni
Kachhla
Kachhwa
Kachigam
Kachnal Gosain
Kachnar
Kachrauli
Kachu Pukur
Kachujan Gaon
Kadachira
Kadaiya
Kadakola
Kadamakkudy
Kadambathur
Kadambur
Kadannappalli
Kadapa
Kadaparai
Kadathur
Kadaura
Kadavallur
Kadayal
Kadayam
Kadayampatti
Kadayanallur
Kadhirvedu
Kadi
Kadigenahalli
Kadikkad
Kadipikonda
Kadipur
Kadiri
Kadirur
Kadma No-II
Kadmat
Kadodara
Kadungalloor
Kadur
Kadwad
Kagal
Kagaznagar
Kaghaznagar
Kahi Kuchi
Kaij
Kaijuri
Kailaras
Kailasagiri
Kailasahar
Kailashpur
Kailudih
Kaimganj
Kainoor
Kaipadar
Kaipamangalam
Kaiparamba
Kair
Kairana
Kairangala
Kaithal
Kaithoon
Kajora
Kakar Majra
Kakarhati
Kakari
Kakarmatta
Kakati
Kakaya
Kakching
Kakching Khunou
Kakdihi
Kakgaina
Kakinada
Kakkalapalle
Kakkalur
Kakkanad
Kakkodi
Kakod
Kakori
Kakoshi
Kakrala
Kakramari
Kalachhari
Kaladhungi
Kaladungi
Kalady
Kalaigaon
Kalaikunda
Kalakad
Kalakkad
Kalamassery
Kalamb
Kalambe Turf Thane
Kalambur
Kalameshwar
Kalamnuri
Kalan Wali
Kalanaur
Kalanwali
Kalapatti
Kalappanaickenpatti
Kalara
Kalarangiata
Kalaria
Kalavad
Kalavai
Kalayat
Kalghatgi
Kalher
Kali
Kali Chhapar
Kaliaganj
Kaliapani
Kaliawadi
Kalikapota
Kalikapur
Kalikapur Barasat
Kalimpong
Kalinagar
Kalinjur
Kalipur
Kaliyakkavilai
Kalka
Kalkut
Kalladaikurichi
Kallakkurichi
Kallakudi
Kallangudy
Kallelibhagom
Kallettumkara
Kalli Pashchim
Kalliasseri
Kallipur
Kalliyoor
Kallukuttam
Kallur
Kallur Thekkummuri
Kallur Vadakkummuri
Kalmath
Kalna
Kalol
Kalol INA
Kalparapatti
Kalpeni
Kalpetta
Kalpi
Kalpitti
Kalua
Kalugumalai
Kalundre
Kalwakurthy
Kalwari
Kalyan-Dombivali
Kalyan-Dombivli
Kalyanasingpur
Kalyandurg
Kalyani
Kalyanpur
Kamakshyanagar
Kamal Pur Majra Burari
Kamalabaria N.C.
Kamalapur
Kamalapuram
Kamalganj
Kamalnagar
Kamalpur
Kaman
Kamareddy
Kamarhati
Kamat Phulbari
Kamatgi
Kamayagoundanpatti
Kambainallur
Kambam
Kambe
Kamgachhi
Kampil
Kampli
Kamptee
Kamptee Cantonment
Kampur Town
Kamranga
Kamuthi
Kanad
Kanadukathan
Kanaipur
Kanakapura
Kanakkampalayam
Kanakpur I
Kanakpur Part-II
Kanam
Kanapaka
"Kanaudia Chemical & Industries Ltd., Renukoot"
Kanayannur
Kanchal Gosain
Kanchanpur
Kancheepuram
Kanchrapara
Kandalloor
Kandamkunnu
Kandanassery
Kandanur
Kandari
Kandasar
Kandhar
Kandharpur
Kandhla
Kandi
Kandla
Kandra
Kandri
Kandukur
Kandwa
Kanganbaria
Kangayampalayam
Kangeyam
Kangeyanallur
Kangpokpi
Kangra
Kangrali (BK)
Kangrali (KH)
Kanhan
Kanhan (Pipri)
Kanhangad
Kanheipur
Kanhirode
Kanigiri U
Kanina
Kanisail Pt I
Kaniyambadi
Kaniyarkode
Kaniyur
Kanjari
Kanjhawala
Kanjikkuzhi
Kanjikoil
Kanjiramkulam
Kankavli
Kanke
Kanker
Kanki
Kankipadu
Kanksa
Kankuria
Kannad
Kannadendal
Kannadiparamba
Kannamangalam
Kannampalayam
Kannanendal
Kannankurichi
Kannanoor
Kannapalayam
Kannapuram
Kannauj
Kannivadi
Kanniyakumari
Kannod
Kannur
Kannur Cantonment
Kanodar
Kanor
Kanota
Kanpur
Kanpur Cantonment
Kansad
Kansepur
Kantabamsuguda
Kantabanji
Kantaberia
Kantaphod
Kantaranguri
Kanth
Kanti
Kantilo
Kantlia
Kanuru
Kanwat
Kanwla
Kanyanagar
Kapadvanj
Kapas Hera
Kapasan
Kapashanria
Kappiyarai
Kapra
Kaprain
Kaptanganj
Kapuria
Kapurthala
Karachiya
Karad
Karad Rural
Karadipatti
Karaikal
Karaikkudi
Karaipudur
Karakulam
Karala
Karamadai
Karambakkam
Karambakkudi
Karamsad
Karamuck
Karanja
Karanje Tarf Satara
Karanje Turf Satara
Karanjia
Karanpur
Karari
Karari Chandpur
Karauli
Karawal Nagar
Kardhan
Kareli
Karera
Kargahia Purab
Kargil
Karhal
Kari
Karia
Kariamangalam
Kariapatti
Karidhya
Karikkad
Karimganj
Karimnagar
Karimpur
Karivali
Karivellur
Kariyangala
Kariyannur
Karjan
Karjat
Karkal
Karle
Karma
Karma Tanr
Karmala
Karmatanr
Karmeta
Karn Prayag
Karnal
Karnaprayag
Karnawad
Karnawal
Karoran
Karrapur
Kartarpur
Karthikappally
Karugampattur
Karukkalvadi
Karumalloor
Karumandi Chellipalayam
Karumathampatti
Karunagappally
Karungal
Karunguzhi
Karuppur
Karur
Karuvanthuruthy
Karvad
Karwar
Karwi Mafi
Kasara Budruk
Kasaragod
Kasauli
Kasauli Cantonment
Kasba
Kasba Bonli
Kasba Khanpur
Kasba Sultanpur
Kasdol
Kasganj
Kashimnagar
Kashinagar
Kashinagara
Kashipur
Kashirampur
Kasim Bazar
Kasinayagampatti
Kasipalayam (E)
Kasipalayam (G)
Kasipet
Kasiya
Kasrawad
Katai
Kataiya
Kataka
Katangi
Katangi Kala
Katariya
Katghar Lalganj
Katghora
Kathanian
Kathaura
Kathera
Katheru
Kathlal
Kathua
Kathujuganapalli
Katihar
Katirail T.E.
Katkar
Katkona
Katol
Katpadi
Katpar
Katra
Katra Medniganj
Katras
Katri Piper Khera
Kattakampal
Kattanam
Kattathurai
Kattiganapalli
Kattimancode
Kattipparuthi
Kattivakkam
Kattumannarkoil
Kattupakkam
Kattuputhur
Kattur
Katwa
Kaugachhi
Kaulakha
Kauriaganj
Kavali
Kavant
Kavaratti
Kaveripakkam
Kaveripattinam
Kavisuryanagar
Kawai
Kawalettu
Kawardha
Kayalpattinam
Kayamkulam
Kayatharu
Kedarnath
Kedla
Keekan
Keelakarai
Keelamanjakudi
Keeramangalam
Keeranur
Keerikkad
Keeripatti
Keezhallur
Keezhapavur
Keezhariyur
Keezhattingal
Keezhkulam
Kegaon
Kekri
Kela Khera
Kelamangalam
Kelhauri
Kelhauri(chachai)
Kelwa
Kembainaickenpalayam
Kemri
Kenda
Kendra Khottamdi
Kendrapara
Kendua
Kenduadih
Kendujhar
Kengeri
Kenjar
Keolari
Keota
Kerakat
Kerur
Kesabpur
Kesaria
Kesaripur
Keshod
Keshoraipatan
Kesinga
Keskal
Kesrisinghpur
Kethi
Kevadiya
Kewalpur
Khacharod
Khachrod
Khadalgobra
Khadda
Khadinan
Khadkale
Khadki Bk
Khaga
Khagaria
Khagaul
Khagrabari
Khailar
Khair
Khaira
Khaira Bari
Khairabad
Khairagarh
Khairi
Khairthal
Khajoori Khas
Khajuraho
Khajutti
Khalia
Khaliapali
Khalikote
Khalilabad
Khalisani
Khalor
Khamanon
Khamari
Khamaria
Khambhalia
Khambhat
Khambra on Nakodar Road
Khamgaon
Khamhria
Khammam
Khan Pur Dhani
Khan Sahib
Khanapur
Khanapuram Haveli
Khanauri
Khand
Khand(Bansagar)
Khandapada
Khandauli
Khandbara
Khandela
Khandra
Khandwa
Khaniyadhana
Khanjarpur
Khanna
Khanpur
Khansahib
Khantora
Khanupur
Khapa
Khapar
Khapat
Kharabwadi
Kharach
Kharaghoda
Kharagpur
Kharagpur Railway Settlement
Kharagpur Rly. Settlement 
Kharak mafi
Kharar
Kharbav
Khardah
Khardaha
Khardi
Kharela
Khargapur
Kharghar
Khargone
Khargupur
Kharia
Khariar
Khariar Road
Kharibari
Kharijapikon
Kharimala Khagrabari
Kharisha
Khariya
Kharkhari
Kharkhoda
Kharod
Kharora
Kharsarai
Kharsawan
Kharsia
Kharupatia
Khasjalalsi
Khatauli
Khatauli Rural
Khategaon
Khatiguda
Khatima
Khatra
Khatyari
Khawhai
Khawzawl
Khed
Kheda
Khedbrahma
Khekada
Khelari
Khem Karan
Khera
Khera Kalan
Khera Khurd
Kheragarh
Kheralu
Kherdi
Kheri
Kheri Nangal
Kherli
Kherli Hafizpur
Kherliganj
Kherwara Chhaoni
Kheta Sarai
Khetasarai
Khetia
Khetri
Khidirpur
Khilchian
Khilchipur
Khirkiya
Khodar Bazar
Khodarampur
Khojn Pur
Khongapani
Khongman
Khoni
Khonmoh
Khonsa
Khopoli
Khor
Khora
Khorddabamonia
Khordha
Khore
Khori Kalan
Khothran
Khour
Khowai
Khrew
Khudaganj
Khujner
Khuldabad
Khunti
Khurai
Khurai Sajor Leikai
Khurja
Khurja Rural
Khusrupur
Khutar
Kichha
Kila Ambur
Kilampadi
Kilapavoor
Kilkulam
Kilkunda
Killai
Killannur
Killiyoor
Killiyur
Killlai
Kilmanavur
Kilpennathur
Kilpudupakkam
Kiltan
Kilvaithinankuppam
Kilvelur
Kim
Kinathukadavu
Kinwat
Kiphire
Kirandul
Kiranipura
Kiraoali
Kiraoli
Kirari Suleman Nagar
Kiratpur
Kiriburu
Kirkee
Kirkee Cantonment
Kirnapur
Kirodimalnagar
Kirtinagar
Kishanganj
Kishangarh
Kishangarh Renwal
Kishni
Kishtwar
Kishunpur
Kismatpur
Kithaur
Kiyamgei
Kizhakkumbhagom
Kizhakkummuri
Kizhuparamba
Kizhuppillikkara
Kizhuvalam-Koonthalloor
Koath
Koch Bihar
Kochi
Kochinda
Kochpara
Kodad
Kodaikanal
Kodala
Kodalia
Kodamthuruth
Kodannur
Kodarma
Kodavasal
Kodigenahalli
Kodinar
Kodithala
Kodivalasa
Kodiyal
Kodoli
Kodumudi
Kodungallur
Kodur
Koduvayur
Koeripur
Kohetpur
Kohima
Kohima Village
Koida
Koilambakkam
Koilpalayam
Koilwar
Koipady
Kokapur
Koker Nag
Kokkothamangalam
Kokrajhar
Kola
Kolachal
Kolacherry
Kolaghat
Kolambe
Kolappalur
Kolar
Kolaras
Kolasib
Kolathupalayam
Kolathur
Kolavelloor
Kolayat
Kolazhy
Kolhapur
Kolkata
Kolki
Kollam
Kollancode
Kollankodu
Kollankoil
Kollegal
Koloriang
Kolvi
Kolvi Mandi Rajendra pura
Komalapuram
Komaralingam
Komarhat
Kombai
Kompalle
Kon
Konaje
Konanakunte
Konappana Agrahara
Konardihi
Konark
Konavattam
Konch
Kondagaon
Kondalampatti
Kondamallapalle
Kondapalle
Kondappanaickenpatti
Kondasamudram
Kondichettipatti
Kondli
Kondotty
Kondumal
Kondur
Konerikuppam
Konganapuram
Koni
Konnagar
Konnur
Konra
Konta
Koodali
Koora
Kooraikundu
Koorgalli
Koothali
Koothappar
Koothuparamba
Koottilangadi
Koovappady
Kopaganj
Kopali
Kopargaon
Kopharad
Koppa
Koppal
Kora Jahanabad
Koradacheri
Koradi
Korangrapady
Koraon
Koraput
Koratagere
Koratla
Koratty
Korba
Koregaon
Koregaon Bhima
Korianwali
Korochi
Korwa
Kosamba
Kosavampatti
Kosi Kalan
Kosmi
Kot
Kot Fatta
Kot Ise Khan
Kot Kapura
Kota
Kotagiri
Kotar
Kotba
Kotbar
Kotdwara
Kotekara
Koteshwar
Kothagudem
Kothakota
Kothamangalam
Kothanallur
Kothapet
Kotharia
Kothavalasa
Kothi
Kothinallur
Kothnur
Kothri
Kothur
Kotkhai
Kotla Mahigiran
Kotla Nihang
Kotma
Kotpad
Kotputli
Kottaiyur
Kottakkal
Kottakuppam
Kottamkara
Kottappally
Kottappuram
Kottarakkara
Kottaram
Kottayam
Kottayam-Malabar
Kottivakkam
Kottur
Kotturu
Kottuvally
Kotulpur
Kotwa
Kotwali
Kouthanallur
Kovalam
Kovilpatti
Kovur
Kovurpalle
Kovvur
Koyra
Kozhenchery
Kozhikode
Kozhukkallur
Kozhukkully
Kral Pora
Kriparampur
Krishna Chandrapur
Krishna Sali
Krishnagiri
Krishnanagar
Krishnapur
Krishnapuram
Krishnarajanagar
Krishnarajanagara
Krishnarajapura
Krishnarajasagara
Krishnarajpet
Krishnarayapuram
Krishnasamudram
Krushnanandapur
Kshetrigao
Kshidirpur
Kshirpai
Kuanrmunda
Kuchaman City
Kuchanur
Kuchera
Kud
Kuda
Kudal
Kudappanakkunnu
Kudchi
Kudligi
Kudlu
Kudremukh
Kudur
Kudus
Kudwa
Kuhalur
Kuju
Kukatpalle
Kukdeshwar
Kukernag
Kukra
Kukshi
Kukudakhandi
Kul Pahar
Kulad
Kulappuram
Kulasekaram
Kulasekarapuram
Kulasekharapuram
Kulathummal
Kulathur
Kulberia
Kuldanga
Kulgam
Kulia
Kulihanda
Kulitapara
Kulithalai
Kullada
Kullu
Kullursandai
Kulti
Kumar Kaibarta Gaon
Kumaragiri
Kumaranellur
Kumarapalayam
Kumarapuram
Kumarghat
Kumarpur
Kumbakonam
Kumbalagodu
Kumbalam
Kumbalangy
Kumbhkot
Kumbhraj
Kumbi
Kumhari
Kumher
Kumirmora
Kumta
Kunda
Kundalwadi
Kundam
Kundapura
Kundarki
Kundgol
Kundli
Kundrathur
Kunhimangalam
Kunigal
Kuniyamuthur
Kunjaban
Kunjabangarh
Kunjathur
Kunkuri
Kunnamangalam
Kunnamkulam
Kunnathunad
Kunnathur
Kunnummal
Kunustara
Kunwargaon
Kunzer
Kuppam
Kupwara
Kurali
Kuraoali
Kuraoli
Kurara
Kurattissery
Kurduvadi
Kureekkad
Kurekuppa
Kurgunta
Kuri Bhagtasani
Kurichi
Kurichikkara
Kurinjipadi
Kurkheda
Kurnool
Kurpania
Kursath
Kurseong
Kurthaur
Kurthi Jafarpur
Kurud
Kurudampalayam
Kurukkupatti
Kurul
Kurumathur
Kurumbalur
Kurumbapatti
Kurumbapet
Kurumpilavu
Kurumuli
Kurundvad
Kuruppanaickenpalayam
Kuruvattur
Kurwai
Kusadanga
Kusgaon Budruk
Kushalgarh
Kushalnagar
Kushinagar
Kushtagi
Kusmara
Kusmi
Kustai
Kusum Pur
Kuthalam
Kuthanallur
Kuthankuzhi
Kuthiathode
Kutiyana
Kuttiattoor
Kuttikkattoor
Kuttippuram
Kuttoor
Kuvettu
Kuwarbav
Kuzhithurai
Kwakta
Kwarasi
Kyathampalle
Kymore
L.A.Sagaram
L.B. Nagar
Labbaikudikadu
Labhpur
Lachhiman Patti
Lachhmangarh
Lad Pur
Ladnu
Ladrawan
Ladwa
Lagda
Lahar
Laharijan Natun Bosti
Laharpur
Lahartara
Lahsari
Lailunga
Laipham Siphai
Lairikyengbam Leikai
Lakarka
Lakhanpur
Lakhenpur
Lakheri
Lakhi Nepali
Lakhimpur
Lakhipur
Lakhisarai
Lakhna
Lakhnadon
Lakkampatti
Lakkiampatti
Laksar
Lakshmeshwar
Lakshminarayanapuram
Lal Gopalganj Nindaura
Lala
Lalganj
Lalgudi
Lalhapur
Lalitpur
Lalkuan
Lalman
Lalpania
Lalpet
Lalpur
Lalru
Lalsingi
Lalsot
Lamai
Lambha
Lamjaotongba
Lamlai
Lamsang
Lamshang
Landaur
Landaura
Landhaura
Landour
Langjing
Lanja
Lanji
Lanka
Lansdowne
Lapanga
Lapara
Lar
Laruara
Lasalgaon
Laskarpara
Lasudiya Mori
Lataguri
Latehar
Lateri
Lathi
Lathikata
Lattikata
Latur
Laundi
Lauthaha
Lavachha
Lawan
Lawar
Lawar NP
Lawngtlai
Lawsohtun
Laxmidevipalle
Lebachhara
Ledisol
Ledwa Mahua
Leh
Lehragaga
Lengpui
Lerhupur
Libas Pur
Lidhora Khas
Lidhorakhas
Lido Tikok
Lido Town
Lilia
Lilong
Lilong (Imphal West)
Lilong (Thoubal)
Limbdi
Limbodi
Limkheda
Limla
Lingiyadih
Lingsugur
Llayangudi
Lochapada
Lodhian Khas
Lodhika
Lodhikheda
Loha
Lohaghat
Lohara
Loharda
Lohardaga
Loharu
Lohian Khass
Lohta
Loisinga
Lonand
Lonar
Lonavala
Londa
Longding
Longleng
Longowal
Loni
Lonia Karbal
Lormi
Losal
Loyabad
Lucknow
Lucknow Cantonment
Ludhiana
Lumding
Lumding Railway Colony
Lumding Rly Colony
Lunawada
Lunglei
Luwangsangbam
Luxettipet
Machalpur
Machche
Macherla
Machhiwara
Machhlishahr
Machilipatnam
Madaharpakkam
Madai
Madambakkam
Madanaiyakanahalli
Madanapalle
Madanpur
Madanpur Rampur
Madanriting
Madanrting
Madaram
Madathukulam
Madathumpady
Madavaram
Madayi
Madayikonam
Maddur
Madhapar
Madhavnagar
Madhawgdha
Madhepura
Madhira
Madhoganj
Madhogarh
Madhuban
Madhubani
Madhugiri
Madhupur
Madhur
Madhusudanpur
Madhyamgram
Madikeri
Madippakkam
Madiya
Madna
Madukkarai
Madukkur
Madurai
Maduranthakam
Maduravoyal
Magadi
Magam
Magarlod
Magdalla
Maghar
Magrahat
Mahabaleshwar
Mahaban
Mahabubabad
Mahad
Mahadeb Nagar
Mahadevapura
Mahadula
Mahagma
Mahal
Mahalingpur
Maham
Mahapoli
Maharajganj
Maharajpur
Mahasamund
Mahbubnagar
Mahe
Mahé
Mahemdavad
Mahendragarh
Mahendranagar
Mahendrapur
Mahesana
Mahesh Mundi
Maheshari
Maheshpur
Maheshtala
Maheshwar
Mahewa Patti Pashchim Uparhar
Mahiari
Mahidpur
Mahilpur
Mahimapur
Mahindale
Mahira
Mahishrekha
Mahlidih
Mahmudabad
Mahmudpur Taluka Madpur Sult
Mahnar Bazar
Mahoba
Maholi
Maholiya
Mahona
Mahrajganj
Mahroni
Mahroni Rural
Mahu Kalan
Mahua Dabra Haripura
Mahua Kheraganj
Mahuda
Mahudha
Mahul Khas
Mahur
Mahura
Mahuva
Mahuvar
Mahwa
Maibong
Maidan Garhi
Maigal Ganj
Maihar
Mailani
Maina Maujpur
Mainaguri
Maindargi
Mainpuri
Mairabari Town
Mairang
Mairwa
Maithon
Majaragollappatti
Majarkuri
Majdia
Majgaon
Majhara Pipar Ahatmali
Majhara Pipar Ehatmali
Majhauli
Majhauli Khetal
Majhauli Raj
Majhauliraj
Majhgawan
Majhihara
Majhion
Majholi
Majiara
Majir Gaon
Majitha
Majra
Makarba
Makardaha
Makdon
Makhal Tala
Makhanpur
Makhdumpur
Makhu
Makkinampatti
Makrana
Makrana Village
Makranifali
Makronia
Makronia Buzurg
Maksi
Maktampur
Makum
Makundapur
Mal
Malaj Khand
Malajkhand
Malanka
Malanpur
Malappuram
Malavalli
Malayadi
Malayinkeezhu
Maldhe
Malegaon
Malerkotla
Malhar
Malhargarh
Malhipur
Malicherla
Malihabad
Malik Pur Kohi
Malikpur
Maliya
Maliya Guda
Malkajgiri
Malkangiri
Malkapur
Malkera
Mallamooppampatti
Mallankinaru
Mallanwala Khass
Mallar
Mallasamudram
Mallawan
Mallik Bagan
Mallikpur
Mallur
Maloud
Malout
Malpur
Malpura
Malsisar
Malumichampatti
Malur
Malwan
Mamallapuram
Mamidalapadu
Mamit
Mamnoor
Mamrejpur
Mamsapuram
Mamun
Mana-Camp
Manachanallur
Manadur
Manakkody
Manakudi
Manakunnam
Manali
Manalmedu
Manalur
Manalurpet
Manamadurai
Manantheri
Manapakkam
Manapparai
Manasa
Manavadar
Manavalakurichi
Manavalassery
Manavely
Manawar
Manbazar
Mancad
Manchar
Mancherial
Mandaikadu
Mandalgarh
Mandamarri
Mandapam
Mandapeta
Mandarbani
Mandav
Mandawa
Mandawar
Mandi
Mandi Dabwali
Mandideep
Mandir Hasaud
Mandla
Mandleshwar
Mandoli
Mandrem
Mandsaur
Mandu
Mandvi
Mandya
Manegaon
Manendragarh
Maner
Manesar
Manethi
Mangadu
Mangalagiri
Mangalam
Mangalampet
Mangalbari
Mangaldoi
Mangalore
Mangalpady
Mangalvedhe
Mangampeta
Mangan
Mangarjung Tea Garden
Mangasamudram
Mangattidam
Mangawan
Manglaur
Manglaya Sadak
Mango
Mangrol
Mangrulpir
Manickapuram
Manihari
Manikpur
Manikpur Sarhat
Manimutharu
Manipura
Manirampur
Maniyar
Maniyat
Maniyoor
Maniyur
Manjakollai
Manjalumoodu
Manjanady
Manjeri
Manjeshwar
Manjhanpur
Manjlegaon
Manjoor Garhi
Mankachar
Mankapur
Mankuva
Manmad
Mannanchery
Mannar
Mannarai
Mannargudi
Mannarkad-I
Manohar Pur
Manohar Thana
Manoharpur
Manoharthana
Manor
Manpur
Mansa
Mansar
Mansinhapur
Mansur Chak
Mant Khas
Manthithoppu
Manu
Manugur
Manushpur
Manvi
Manwal
Manwath
Maohanpur Mohammadpur
Mappilaiurani
Mapusa
Maradu
Maragondahalli
Marai Kalan
Maraimalainagar
Marakkanam
Maralia
Maramangalathupatti
Marampilly
Marancheri
Marandahalli
Marar
Marathakkara
Marcaim
Marehra
Margao
Margherita
Marhaura
Marhi
Mariahu
Mariani
Maricha
Marigaon
Markapur
Markayankottai
Marma
Maro
Marowa
Maruadih
Maruadih Railway Settlement
Maruadih Rly. Settlement
Marudur
Marungur
Maruthancode
Marutharode
Marwad
Marwar Junction
Masala
Masat
Masaurhi
Masila
Masinaickenpatty
Maslandapur
Masratu
Maswasi
Matadakurubarahatti
Matarbari
Mataundh
Mathabhanga
Mathapari
Matheran
Mathicode
Mathigiri
Mathur
Mathura
Mathura Cantonment
Mathurapur
Matialihat
Matiari
Matigara
Matla
Mattan
Mattannur
Mattoor
Mau
Mau Aima
Maudaha
Mauganj
Maunath Bhanjan
Maur
Mauranipur
Maurawan
Mavelikkara
Mavilayi
Mavli
Mavoor
Mawana
Mawlai
Mawpat
Mayang Imphal
Mayiladuthurai
Mayyanad
Mayyer
Mayyil
Mecheri
Mechiabasti
Medak
Medankarwadi
Medavakkam
Medchal
Medha
Medininagar
Medinipur
Medipalle
Medziphema
Meenad
Meenambakkam
Meerpet
Meerut
Meerut Cantonment
Meghahatuburu Forest Village
Meghnagar
Meghraj
Mehara Gaon
Meharagaon
Mehatpur Basdehra
Mehdawal
Mehgaon
Mehkar
Mehmand
Mehmedabad
Mehmood Pora
Mehna
Mehnagar
Mehsi
Mehu Wala Mafi
Mekliganj
Melacheval
Melachokkanathapuram
Melagaram
Melamadai
Melamaiyur
Melaparthibanur
Melathiruppanthuruthi
Melattur
Mellahalli
Melpattampakkam
Melur
Melvisharam
Memari
Memnagar
Mendu
Menhaniam
Meppayyur
Mera
Mercurim
Merta City
Merta Road
Meru
Methala
Methukummal
Metpalle
Mettamalai
Mettunasuvanpalayam
Mettupalayam
Mettur
Mevalurkuppam
Mharal Bk
Mhasla
Mhaswad
Mhow Cantonment
Mhow Cantt.
Mhowgaon
Miao
Midalam
Middha
Mihijam
Mihitikri
Mihona
Milak
Milavittan
Milki
Minakhan
Minalur
Minampalli-Pachamadevi
Minicoy
Minjur
Mir Pur Turk
Mira
Mira-Bhayandar
Miranpur
Mirdhanga
Mirganj
Mirik
Mirjapur
Mirjhapar
Mirpur
Mirpur Turk
Miryalaguda
Miryalguda
Mirzapur
Mirzapur-cum-Vindhyachal
Misrikh-cum-Neemsar
Mithapur
Mithe Pur
Mithipur
Mitraon
Modak
Modakurichi
Modameedipalle
Modasa
Modinagar
Moga
Mogra Badshahpur
Mogral
Mogravadi
Mohammad Pur Majri
Mohammadabad
Mohammadi
Mohan
Mohana
Mohanpur
Mohanpur Mohammadpur
Mohanur
Mohenpur
Mohgaon
Mohiuddinagar
Mohiuddinpur
Mohmaiki
Mohpa
Mohpada
Mohpada Alias Wasambe
Moira
Moirang
Mokameh
Mokeri
Mokokchung
Molachur
Molakalmuru
Molar Band
Mon
Mon Town
Monoharpur
Moodabettu
Mookondapalli
Moolakaraipatti
Moonak
Moonniyur
Moothakunnam
Moovarasampettai
Mopperipalayam
Mora
Moradabad
Moradabad Pahari
Moragudi
Morampudi
Moran Town
Moranhat
Morar Cantonment
Morar Cantt.
Morattupalayam
Moreh
Morena
Morewadi
Morinda
Morjim
Mormugao
Morongial
Morshi
Morvi
Mosli Pt I
Motera
Moth
Motihari
Motipur
Mouda
Mouje Anjanvel
Mouje Nandgad
Mount Abu
Mowa
Mowad
Mrigala
Mubarak Pur Dabas
Mubarakpur
Mudal
Mudalgi
Mudbidri
Muddanur
Muddebihal
Mudgal
Mudhol
Mudigere
Mudkhed
Mudki
Mudukulathur
Muduperar
Mudushedde
Mugalivakkam
Mughalsarai
Mughalsarai Railway Settlement
Mughalsarai Rly. Settlement
Mugkalyan
Mugma
Muhamma
Muhammadabad
Mukand Pur
Mukandgarh
Mukasipidariyur
Mukerian
Mukhani
Mukhed
Mukhiguda
Mukhmel Pur
Mukkudal
Mukrampur Khema
Muktsar
Mul
Mulagumudu
Mulaguntapadu
Mulakuddu
Mulamthuruthy
Mulanur
Mulavukad
Mulbagal
Mulgund
Mulki
Mullanpur Dakha
Mullanpur Garib Dass
Mullanpur- Garibdas
Mullassery
Mullipattu
Multai
Mulur
Mundamarai
Mundargi
Mundathikode
Mundera Bazar
Munderi
Mundgod
Mundi
Mundia
Mundiya
Mundka
Mundra
Mundwa
Mungaoli
Mungeli
Munger
Muni Ki Reti
Munirabad Project Area
Munnur
Munnuru
Muradgram Pur Pursi
Muradnagar
Muragachha
Muraidih
Murakambattu
Murarai
Murbad
Murda
Murgathaul
Murgud
Muri
Muringur Vadakkummuri
Murliganj
Murmadi
Mursan
Murshidabad
Murtijapur
Murud
Murud Janjira
Muruganpalayam
Murulia
Murum
Murwara
Murwara (Katni)
Musabani
Musafirkhana
Musiri
Mussoori
Mussoorie
Mustafabad
Mutga
Muthanampalayam
Muthangi
Muthugoundam Pudur
Muthukadu
Muthukulam
Muthupet
Muthur
Muthuthala
Muttayyapuram
Muvattupuzha
Muzaffarnagar
Muzaffarpur
Muzhappilangad
Muzhucode
Myladi
Mylaudy
Mysore
N. Kawnpui
N. Vanlaiphai
N.Kawnpui
Naba Kola
Nababpur
Nabadiganta Industrial Township
Nabadwip
Nabaghanapur
Nabagram
Nabagram Colony
Nabarangapur
Nabghara
Nabgram
Nabha
Nabinagar
Nachane
Nachhratpur Katabari
Nadabhanga
Nadaikavu
Nadapuram
Nadathara
Nadaun
Nadbai
Nadgaon Tarf Birwadi
Nadiad
Nadigaon
Nadim Tiruvuru
Nadsal
Nadukuthagai
Naduvaneri
Naduvannur
Naduvattam
Naduvattom
Nagai Chaudhry
Nagal Chaudhry
Nagala Imarti
Nagalwadi
Nagam
Nagamalaipudukottai
Nagamangala
Nagamangalam
Nagaon
Nagapattinam
Nagapur
Nagar
Nagar Changrabandha
Nagaram
Nagardeole
Nagari
Nagarkurnool
Nagaur
Nagavakulam
Nagda
Nagdaha
Nagercoil
Nagina
Naginimora
Nagireddipalle
Nagla
Nagod
Nagojanahalli
Nagothana
Nagothane
Nagpur
Nagram
Nagri
Nagri Kalan
Nagrota
Nagrota Bagwan
Nahan
Naharkatiya
Naharlagun
Nahazari
Nahira
Nai Bazar
Nai Garhi
Nai-Ledri
Naigarhi
Naihati
Naila Janjgir
Naila-Janjgir
Naina Devi
Nainan
Nainana Jat
Nainana-Brahman
Nainital
Nainital Cantonment
Nainpur
Nainwa
Naiparapur
Naiti
Najibabad
Naka Majiari
Nakhula Grant
Nakkapalle
Nakoda
Nakodar
Nakrekal
Nakur
Nala Sopara
Nalagarh
Nalbari
Nalco
Naldanga
Naldurg
Nalgonda
Nalhati
Nalkheda
Nallampatti
Nallipalayam
Nalloor
Nallur
Nallur $
Nalpur
Nalwadi
Namagiripettai
Namajgram
Namakkal
Nambiyur
Nambol
Namchi
Namli
Namna Kalan
Namrup
Namsai
Nanakvada
Nanakwada
Nanauta
Nand Prayag
Nanda
Nandambakkam
Nanded Waghala
Nanded-Waghala
Nandej
Nandelav
Nandesari
Nandesari INA
Nandgaon
Nandgaon Pode
Nandigram
Nandivaram - Guduvancheri
Nandivaram-Guduvancheri
Nandkharki
Nandprayag
Nandri
Nandura
Nandurbar
Nandyal
Nanekarwadi
Nangal
Nangal Dewat
Nangal Thakran
Nangavalli
Nangavaram
Nangli
Nangli Sakrawati
Nangloi Jat
Nanguneri
Nanhera
Nanjangud
Nanjikottai
Nanmanda
Nannambra
Nannilam
Nanpara
Nanpur
Naoriya Pakhanglakpa
Naraingarh
Naraini
Naranammalpuram
Naranapuram
Narasannapeta
Narasapur
Narasaraopet
Narasimhanaicken-palayam
Narasimhanaickenpalayam
Narasimharajapura
Narasingam
Narasingapuram
Narath
Narauli
Naraura
Naravarikuppam
Narayanapuram
Narayanavanam
Narayangarh
Narayankhed
Narayanpet
Narayanpur
Naregal
Narendra Nagar
Narendranagar
Nargund
Narharpur
Nari
Naridana
Narikombu
Narkanda
Narkatiaganj
Narkhed
Narnaul
Narnaund
Naroli
Narot Mehra
Narra
Narsala
Narsampet
Narsapur
Narsimhapur
Narsingarh
Narsinghgarh
Narsingi
Narsipatnam
Narwana
Narwar
Nasaratpur
Nashik
Nasibpur
Nasirabad
Nasiyanur
Naspur
Nasra
Nasriganj
Nasrullaganj
Nasvadi
Natchiarkoil
Natepute
Natham
Nathampannai
Nathdwara
Natibpur
Natrampalli
Nattakam
Nattalam
Nattapettai
Nattarasankottai
Natthan Pur
Natthuwa Wala
Naubaisa Gaon
Naubaisa Goan
Naubatpur
Naudhia
Naugachhia
Naugawan Sadat
Naul
Naupala
Nautanwa
Nava Bhildi
NavagamGhed
Navalgund
Navalpattu
Navandgi
Navelim
Navghar
Navghar-Manikpur
Navi Mumbai
"Navi Mumbai (Panvel, Raigarh)"
Navi Mumbai Panvel Raigarh
Navlock Garden
Navoor
Navsari
Nawa
Nawabganj
Nawada
Nawagarh
Nawalgarh
Nawanshahr
Nawapara
Nawapur
Naya Baradwar
Naya Gaon
Nayabahadurpur
Nayabazar
Nayagarh
Nazarathpettai
Nazerath
Nazira
Nazirpur
Neb Sarai
Nebadhai Duttapukur
Nedumangad
Nedumbassery
Nedumpana
Nedumpura
Nedungundram
Neduva
Needamangalam
Neelagiri
Neelambur
Neelankarai
Neem-Ka-Thana
Neemrana
Neemuch
Neermarga
Nehon
Nehtaur
Neikkarapatti
Neiyyur
Nelamangala
Nellikuppam
Nellimaria
Nellimarla
Nelliyalam
Nellore
Nelluwaya
Nelmangala
Nemili
Nemilicheri
Nenmenikkara
Nepanagar
Ner
Neral
Neripperichal
Nerkunram
Nerkuppai
Nerul
Nerunjipettai
Neuton Chikhli Kalan
New Barrackpore
New Barrackpur
New Bongaigaon Railway Colony
New Bongaigaon Rly. Colony
New Delhi
New Delhi Municipal Council
New Mahe
Newa Talai
Neykkarappatti
Neyveli
Neyyattinkara
Neyyoor
Nibra
Nichlaul
Nidadavole
Nidanpur Pt-II
Nideban
Nidhauli Kalan
Nihal Garh Chak Jangla
Nihalpur Simbal
Nijampur
Nilagiri
Nilaiyur I Bit
Nilakkottai
Nilambur
Nilanga
Nildoh
Nilokheri
Nilothi
Nilpur
Nimapada
Nimbahera
Nimbhore Budruk
Nimpith
Nimsa
Ningthoukhong
Nipani
Nirmal
Nirmali
Nirsa
Nischintapur
Nissing
Nithari
Nivi
Niwai
Niwari
Niwas
Niz - Mankata
Niz Katigorah Pt III
Niz-Bahjani
Niz-Hajo
Nizamabad
Njarackal
No.2 Goreswar
Noamundi
Noapara
Nohar
Nohsa
Noida
Nokha
Nokpul
Nolambur
Nongkseh
Nongmynsong
Nongpoh
Nongstoin
Nongthymmai
Nooan
Noor Mahal
Noorpur
North Barrackpore
North Barrackpur
North Dumdum
North Guwahati
North Lakhimpur
North Thrikkaripur
North Vanlaiphai
Northern Railway Colony
Northern Rly. Colony
Nowangabra
Nowbasata
Nowgaon
Nowgong
Nowrozabad
Nowrozabad(Khodargama)
Nowshehra
Nowsolia Gaon
Nrisinghapur
Nuahata
Nuapatna
Nuh
Nullivilai
Numaligarh Refinery Township
Nurmahal
Nurpur
Nuvem
Nuzvid
Nyoria Husainpur
Nyotini
O.C.L. Industrial Township
O.F.Khamaria
O' Valley
Oachira
Oadipur
Obaree
Obedullaganj
Obra
OCL Industrialship
Odagaon
Odaipatti
Odaiyakulam
Oddanchatram
Ode
Odlabari
Odugathur
Oel Dhakwa
Oggiyamduraipakkam
Oinam
Okani-II
Okha
Okha port
Okni NO.II
Olagadam
Olavanna
Old Malda
Old Maldah
Omalur
Omerkhan Daira
Omkareshwar
Onda
Ondal
Ongallur-I
Ongallur-II
Ongole
Oorakam
Orachha
Orai
Oran
Orathanadu
Orathanadu (Mukthambalpuram)
Orchha
Ordinance Factory Itarsi
Ordinance Factory Muradnagar
Ordnance Factory Itarsi
Ordnance Factory Khamaria
Ordnance Factory Muradnagar
Orgao
Orikkai
Orla
Orumanayur
Orvad
Osmanabad
Osmania University
Osmanpur
Othakadai
Othakalmandapam
Othukkungal
Ottappalam
Ottapparai
Overi
Owle
Ozar
Ozhukarai
P. J. Cholapuram
P. Mettupalayam
P. N. Patti
P.Mettupalayam
P.N.Patti
Pachchal
Pachgaon
Pachmarhi Cantonment
Pachmarhi Cantt
Pachora
Pachora Rural
Pachore
Pachperwa
Pacode
Padagha
Padaiveedu
Padali Gujar
Padampur
Padampur Sukhran
Padandal
Padappai
Padarathpur
Paddhari
Padianallur
Padikkasu vaithanpatti
Padirikuppam
Padiyam
Padiyur
Padmabil
Padmanabhapuram
Padmapur
Padoli
Padra
Padrauna
Padri
Paduvilayi
Pahalgam
Pahar Ganj
Paharpur
Pahasu
Painkulam
Paintepur
Paippad
Pairagachha
Paithan
Paiyur
Pakaur
Pakbara
Pakhanjur
Pakri Dayal
Pakriya Naugwan Mustqil
Pal Chaurai
Pal Chourai
Palacole
Palaganangudy
Palai
Palaj
Palakkad
Palakkodu
Palakonda
Palakurthi
Palakurthy
Palalahada
Palamaner
Palamedu
Palampur
Palangarai
Palani
Palani Chettipatti
Palanpur
Palappallam
Palari
Palasa @ Kasibugga
Palasa Kasibugga
Palasbari
Palashban
Palashi
Palavakkam
Palavansathu
Palawa
Palayad
Palayam
Palayampatti
Palda
Pale
Palej
Palera
Palghar
Palhni
Pali
Pali Khera
Palia Kalan
Palidevad
Palissery
Palitana
Paliya Kalan
Palladaha
Palladam
Pallanthurai
Pallapalayam
Pallapatti
Pallathur
Pallavaram
Pallichal
Pallikal
Pallikaranai
Pallikkara
Pallikkunnu
Pallikonda
Pallipalayam
Pallipalayam Agraharam
Pallipattu
Pallippadai
Pallippuram
Paloor
Palpur
Palsud
Paltapara
Palugal
Palurgada
Paluvai
Palwal
Palwal Rural
Palwancha
Pammal
Pampora
Pampore
Pamur
Panachikkad
Panagar
Panagudi
Panaimarathupatti
Panaji
Panangad
Panapakkam
Panara
Panayam
Panboli
Panchet
Panchgani
Panchghara
Panchkula
Panchkula Urban Estate
Panchla
Panchmahali
Panchpara
Pandamangalam
Pandariya
Pandatarai
Pandavapura
Pandavarmangalam
Pandhana
Pandharkaoda
Pandharpur
Pandhurna
Pandua
Pangachhiya
Pangachhiya (B)
Panhala
Paniara
Panihati
Panipat
Panipat Taraf Ansar
Panipat Taraf Makhdum Zadgan
Panipat Taraf Rajputan
Panipt Taraf Makhdum Zadgan
Panisagar
Pankhedi
Panmana
Panna
Pannaikadu
Pannaipuram
Panniyannur
Panoli
Panoor
Panpara
Panpoli
Panposh
Panrra
Panruti
Pansemal
Panskura
Pantheeramkavu
Panuhat
Panuria
Panvel
Paonta Sahib
Papadahandi
Papampeta
Papanasam
Pappankurichi
Papparapatti
Pappinisseri
Pappinivattom
Pappireddipatti
Par Beliya
Par Patiram
Para
Parabada
Paradip
Paradipgarh
Parakkad
Paralakhemundi
Paralam
Parali (I)
Parali (II)
Parali (III)
Paramakudi
Paramathi
Paranda
Parangarpar
Parangipettai
Paraniputhur
Paranpara
Parappukkara
Parappur
Parashkol
Parasi
Parasia
Parassala
Parasuvaikkal
Paratdih
Paravai
Paravoor
Paravur
Parbatsar
Parbbatipur
Parbhani
Parcem
Pardi
Pardi Kanade
Pardi Parnera
Pardi Sondhpur
Pareo
Paria
Parichha
Parikshitgarh
Pariyaram
Parlakhemundi
Parli
Parlli Part
Parmanandpur
Parnera
Parola
Parole
Parota
Parpondi
Parsadepur
Parsona
Partap Singhwala
Partapur
Partur
Parvat
Parvathipuram
Parwanoo
Pasan
Paschim  Jitpur
Paschim Bainan
Paschim Gazipur
Paschim Jitpur
Paschim Panchla
Paschim Punropara
Paschimbhatjangla
Pashchim Khalna
Pasighat
Pasthal
Pasur
Patadi
Patala
Pataliputra Housing Colony
Patan
Patancheru
Pataudi
Patdaha
Patdi
Pathalgaon
Pathamadai
Pathanamthitta
Pathankot
Pathar
Patharberia
Pathardi
Pathardih
Patharia
Pathariya
Pathirappally
Pathiriyad
Pathiyoor
Patholi
Pathri
Pathsala
Patiala
Patihal
Patiyali
Patna
Patnagarh
Patra
Patran
Patrapur
Patratu
Pattabong Tea Garden
Pattambi
Pattamundai
Pattan
Pattanagere
Pattanam
Patti
Pattinam
Pattinamkattan
Pattiom
Pattiveeranpatti
Pattran
Pattukkottai
Patuli
Patulia
Patur
Pauni
Pauri
Pavagada
Pavali
Pavaratty
Pavi Sadakpur
Pawai
Payakaraopeta
Payal
Payyannur
Pazhanji
Pazhugal
Peda Boddepalle
Pedana
Peddapalle
Peddapuram
Peddikuppam
Peeranwadi
Peerkankaranai
Peerzadguda
Pehlad Pur Bangar
Pehowa
Pen
Pendra
Penha de França
Penha-de-Franca
Pennadam
Pennagaram
Pennathur
Peraiyur
Perakam
Peralam
Peralasseri
Peralassery
Peramangalam
Perambakkam
Perambalur
Peranamallur
Peravurani
Peren
Periagaram
Periakottai
Periapattinam
Perinad
Peringandoor
Peringathur
Perinjanam
Perinthalmanna
Periya Negamam
Periyakodiveri
Periyakulam
Periyakurichi
Periyamanali
Periyanaicken-palayam
Periyanaickenpalayam
Periyapatti
Periyasemur
Pernampattu
Pernem
Perole
Pertodih
Perumagalur
Perumagoundampatti
Perumanallur
Perumandi
Perumanna
Perumbaikad
Perumbavoor
Perumuchi
Perundurai
Perungalathur
Perungudi
Perungulam
Perur
Perur Chettipalayam
Peruvallur
Peruvayal
Peruvilai
Peth Umri
Pethampalayam
Pethanaickenpalayam
Pethapur
Petlad
Petlawad
Petro Chemical Complex INA
Petro-Chemical Complex INA
Petua
Pfutsero
Phagwara
Phagwara Sharki
Phalauda
Phalna
Phalodi
Phaltan
Phaphund
Phek
Phillaur
Phulabani
Phulera
Phulia
Phulpur
Phulwari Sharif
Phulwaria
Phulwartanr
Phunderdihari
Phuphkalan
Phusro
Piala
Piarinagar
Pichandarkovil
Pichhore
Piduguralla
Pihani
Pilani
Pilerne
Pileru
Pilibanga
Pilibhit
Pilicode
Pilkhana
Pilkhuwa
Pillanallur
Pimpalgaon
Pimpalgaon Najik
Pimpri Chinchwad
Pinahat
Pinarayi
Pindrai
Pindwara
Pingwan
Pinjore
Pipalibari
Pipalrawan
Pipalsana Chaudhari
Pipar City
Pipara Dand
Piparcity
Pipariya
Pipiganj
Pipili
Piplanarayanwar
Piploda
Piplya Kumar
Piplya Mandi
Pipraich
Piprayli Bujurg
Pipri
Piran Kaliyar
Pirangut
Pirawa
Pirayiri
Piriyapatna
Piro
Pitala
Pitapuram
Pithampur
Pithapuram
Pithora
Pithoragarh
Pitti
Pitti (I)
Pitti (II)
Poali
Pochampalle
Podara
Podili
Pokaran
Poladpur
Polasara
Polay Kalan
Polaykalan
Polichalur
Pollachi
Polur
Ponda
Pondar Kanali
Pondarkanali
Pondicherry
Ponduru
Ponmanai
Ponmani
Ponmundam
Ponnamaravathi
Ponnampatti
Ponnani
Ponneri
Ponnur
Pookode
Poolacode
Poolambadi
Poolampatti
Poolankinar
Pooluvapatti
Poomangalam
Poonamallee
Pooth Kalan
Pooth Khurd
Poothakkulam
Por-Ramangamdi
Poranki
Porathissery
Poravacheri
Porbandar
Porkulam
Porompat
Porsa
Port Blair
Porur
Pothanur
Pothatturpettai
Pothreddipalle
Pottore
Powayan
Poyya
Prantij
Prasadampadu
Pratapgarh
Pratapgarh City
Pratappur
Pratapsasan
Pratitnagar
Prayagpur
Premchak Urf Baheri
Premnagar
Priol
Prithvipur
Priyanagar
Proddatur
Prothrapur
Pub - Dhaniram Pather
Pudiyamputhur
Pudu
Puducherry
Pudukadai
Pudukkottai
Pudupalaiyam Aghraharam
Pudupalayam
Pudupalayam Agraharam
Pudupatti
Pudupattinam
Pudur (S)
Pudussery Central
Pudussery West
Puduvayal
Pujali
Pukhrayan
Pul Pehlad
Pulgaon
Puliankudi
Pulivendla
Puliyankudi
Puliyoorsalai
Puliyur
Pullampadi
Pullur
Pulwama
Punahana
Punalur
Punch
Pundri
Pune
Pune Cantonment
Punganur
Punglia
Punjai Thottakurichi
Punjaipugalur
Punjaipuliampatti
Punnayur
Punnayurkulam
Pura Pandey
Puraini
Purana Daroorh
Purana Dumka
Puranabazar 'A'
Puranattukara
Puranpur
Purba Bishnupur M
Purba Ranaghat
Purba Tajpur
Purbba Narayanpur
Purbba Tajpur
Purdilnagar
Pure Tiwari
Puri
Purihasa
Purna
Purne
Purnia
Purquazi
Puruliya
Purushottamnagar
Purusottampur
Purwa
Pusad
Pusaur
Pushkar
Puthagaram
Puthalam
Puthencruz
Puthenvelikkara
Putheri
Puthukkad
Puthukkadai
Puthunagaram
Puthuppally
Puthuppariyaram
Puthur
Puthur Agraharam
Puthuvype
Puttur
Puvalur
Puzhakkal
Puzhal
Puzhathi
Puzhithivakkam
Puzhithivakkam (Ullagaram)
Pynthormukhrah
Pynthorumkhrah
Qadi Pur
Qadian
Qasimpur Power House Colony
Qazi Gund
Qazigund
Quammruddin Nagar
Quela
Quepem
Queula
Quilandy
Quimoh
Qutab Garh
Quthbullapur
R. Pudupatti
R. S. Mangalam
R. Udayagiri
R.Pudupatti
R.S. Pora
R.S.Mangalam
Rabkavi Banhatti
Rabupura
Radaur
Radhakishorenagar
Radhakund
Radhanagar
Radhanpur
Radhapur
Rae Bareli
Rafiganj
Raghabpur
Raghogarh -Vijaypur
Raghogarh-Vijaypur
Raghudebbati
Raghudebpur
Raghunandanpur
Raghunathchak
Raghunathpur
Raghunathpur (PS-Dankuni)
Raghunathpur (PS-Magra)
Raha
Rahanal
Rahatgarh
Rahaud
Rahimatpur
Rahon
Rahta Pimplas
Rahuri
Raia
Raichur
Raigachhi
Raiganj
Raigarh
Raighar
Raikot
Rail
Railway Settlement Roza
Raipur
Raipur Bazar
Raipur Domana
Raipur Rani
Raipur Rasulpur
Rairangpur
Raisen
Raisinghnagar
Raj Pur Khurd
Raja ka Rampur
Raja Pur Khurd
Raja Sansi
Rajagangapur
Rajahmundry
Rajakhedi
Rajakhera
Rajaldesar
Rajam
Rajampet
Rajapalayam
Rajapur
Rajarhat Gopalpur
Rajasansi
Rajasunakhala
Rajauli
Rajauri
Rajbalhat
Rajbhita
Rajendranagar
Rajgamar
Rajgarh
Rajgir
Rajgurunagar
Rajgurunagar (Khed)
Rajim
Rajkot
Rajmahal
Rajnagar
Rajnandgaon
Rajokri
Rajopatti urf Kota Bazar
Rajpipla
Rajpur
Rajpur Bangar
Rajpur Sonarpur
Rajpura
Rajsamand
Rajula
Rajur
Rajura
Rakh Gadi Garh
Rakholi
Rakri
Ram Garh
Ram Nagar
Ramachandrapuram
Ramachandrapuram BHEL Township
Ramachandrapuram-Bhel Township )
Ramagundam
Ramakantapur
Ramalingapuram
Raman
Ramanagara
Ramanagaram
Ramanathapuram
Ramanathpur
Ramanattukara
Ramanayyapeta
Ramannapeta
Ramanujganj
Ramapuram
Ramavarappadu
Ramban
Rambha
Ramchandrapur
Ramdas
Ramdaspur Urf Nagal
Ramdass
Ramdurg
Rameswaram
Rameswarpur
Ramganj Mandi
Ramgarh
Ramgarh Cantonment
Ramgarh Panjoopur
Ramjibanpur
Ramkola
Ramkrishnapur
Ramnagar
Ramol
Rampachodavaram
Rampur
Rampur Baghelan
Rampur Bhawanipur
Rampur Karkhana
Rampur Maniharan
Rampur Naikin
Rampura
Rampura Phul
Rampurhat
Ramtek
Ranaghat
Ranapur
Ranapurgada
Ranavav
Ranbir Singh Pora
Ranchi
Ranchi Bangar
Rangabhita
Rangapahar
Rangapara
Rangia
Rangpo
Rani
Rani Khera
Rania
Ranibennur
Raniganj
Ranikhet
Ranip
Ranipettai
Ranipur
Ranirbazar
Raniyan
Ranjangaon S
Ranoli
Ranpur
Rapar
Rashidpur Garhi
Rasikpur
Rasipuram
Rasra
Rasulabad
Ratangarh
Ratannagar
Ratanpur
Ratanpura
Rath
Rathian
Ratia
Ratibati
Ratlam
Ratlam Railway Colony
Ratlam Rly. Colony (Ratlam Kasba)
Ratnagiri
Ratnapur
Ratu
Rau
Raurkela
Raurkela Industrial Township
Raurkela Industrialship
Raval
Ravapara
Raver
Rawali Mahdood
Rawalsar
Rawan
Rawatbhata
Rawatsar
Raxaul Bazar
Ray
Raya
Rayachoti
Rayadurg
Rayagada
Rayagiri
Raybag
Raynagar
Rayya
Reasi
Redhakhol
Reengus
Rees
Reethapuram
Rehambal
Rehli
Rehti
Reis Magos
Rekjuani
Rekurthi
Reliance Complex
Religara
Religara alias Pachhiari
Remuna
Rengali
Rengali Dam Project Township
Rengali Dam Projectship
Rengkai
Renigunta
Renukoot
Reodar
Reoti
Repalle
Rerma
Resubelpara
Revelganj
Rewa
Rewari
Rewari (Rural)
Rhenak
Richha
Rikhabdeo
Risama
Rishabhdeo
Rishikesh
Rishra
Risia Bazar
Risiya Bazar
Risod
Rithora
Rly. Settlement Roza
Robertsganj
Robertson Pet
Roha Ashtami
Rohraband
Rohru
Rohta
Rohtak
Roing
Ron
Rongmook Ceder Tea Garden
Roorkee
Roorkee Cantonment
Rori
Rosalpatti
Rosera
Roshan Pura
Roshan Pura alias Dichaon Khurd
Rudauli
Rudayan
Rudra Prayag
Rudraprayag
Rudrapur
Rudravathi
Ruiya
Runji Gautampura
Runji-Gautampura
Runkata
Rupa
Rupahi Town
Rupiabathan
Rupnagar
Rura
Rurki Kasba
Rustamnagar Sahaspur
S. Kannanur
S.A.S. Nagar
S.A.S. Nagar (Mohali)
S.Kodikulam
S.Nallur
S.T. Power Project Town
Sabalgarh
Sabathu
Sabathu Cantonment
Sabo
Sabour
Sabroom
Sachin
Sachin INA
Sadabad
Sadalgi
Sadasivpet
Sadat
Sadat Pur Gujran
Sadatmasaura
Sadaura
Sadigachhi
Sadpur
Sadri
Sadruddin Nagar
Sadulshahar
Safa Pora
Safidon
Safipur
Sagalee
Sagar
Sagar Cantonment
Sagar Cantt.
Sagarmpur
Sagbara
Sagolband
Saguna
Sagwara
Saha
Sahajadpur
Sahanpur
Sahapur
Saharanpur
Saharsa
Sahaspur
Sahaspur-Lohara
Sahaswan
Sahatwar
Sahawar
Sahebganj
Sahebpur
Sahibabad Daulat Pur
Sahibganj
Sahjanwa
Sahjanwan
Sahnewal
Sahnidih
Sahpau
Sahpau NP
Saidabad
Saidapur
Saidhari
Saidpur
Saidpur Khajuria
Saidpura
Saidul Ajaib
Saidul Azaib
Saiha
Saij
Saijni Nankar
Sailana
Sailu
Sainthal
Sainthia
Sairang
Saitual
Saiyad Raja
Saiyad Raza
Saja
Sajipanadu
Sakaldiha
Sakari
Sakhanu
Sakit
Sakkarakottai
Sakkimangalam
Sakleshpur
Sakoli
Sakri
Saktasanala
Sakti
Salakati
Salamba
Salamedu
Salangapalayam
Salap
Salar
Salarpur
Salarpur Khadar
Salaya
Salem
Salempur
Salempur Rajputan
Saligao
Saligram
Salipur
Saloh
Salon
Salpara Molandubi Pt.-I
Saltor
Salumbar
Salur
Salvador do Mundo
Salvav
Salwad
Samalapuram
Samali
Samalkha
Samalkot
Samalkota
Samana
Samanatham
Samangaon
Samarvarni
Samastipur
Samathur
Samayanallur
Samba
Sambalpur
Sambavar Vadagarai
Sambhal
Sambhalka
Sambhar
Sambra
Samdhan
Sampla
Samrala
Samthar
Samuktola
Samurou
Samusigapuram
Sanand
Sanaswadi
Sanaur
Sanawad
Sanchi
Sanchore
Sancoale
Sandi
Sandila
Sandor
Sandur
Sangameshwar
Sangamner
Sangareddy
Sangaria
Sangariya
Sangat
Sangli Miraj Kupwad
Sangli-Miraj & Kupwad
Sangod
Sangole
Sangramnagar
Sangrampur
Sangrur
Sanguem
Sangvi
Sanivarapupeta
Sanjali
Sanjan
Sanjeli
Sankaramanallur
Sankarankoil
Sankaraperi
Sankarapuram
Sankari
Sankarnagar
Sankarpur
Sankeshwar
Sankhol
Sankrail
Sankrailjala
Sanniyasigundu
Sanoor
Sanoth
Sanpara
Sanquelim
Sanrha
Sanri
Sansari
Sansarpur
Sansikhara
Santaldih Thermal Power Project-Town
Santer
Santipur
Santir Bazar
Santokhgarh
Santoshpur
Santpur Rural
Santrampur
Sanvordem
São José de Areal
Sao Jose-de-Areal
Sapatgram
Sapotra
Saputara
Saragaon
Saragur
Sarai Abdulmalik
Sarai Aquil
Sarai Khas
Sarai Lahur Urf Lahurpur
Sarai Mir
Sarai Mohana
Saraidhela
Saraipali
Saraiya
Saram
Saranga
Sarangarh
Sarangpore
Sarangpur
Sarapaka
Sarauni
Saravali
Saravanampatti
Sarbhog
Sarcarsamakulam
Sardargarh
Sardarpur
Sardarshahar
Sardhana
Sardulgarh
Sarenga
Sargaon
Sarigam
Sarigam INA
Sarila
Sarimpur
Sariya
Sarjamda
Sarjapura
Sarkaghat
Sarkhej-Okaf
Sarmathura
Sarna
Sarni
Sarpara
Sarpi
Sarsaul
Sarsawa
Sarsawan
Sarthebari
Sarupathar
Sarupathar Bengali
Sarwar
Sarwat
Sasaram
Sasauli
Sashpur
Sasni
Sasti
Sasvad
Satai
Satakha Hq.
Satalkheri
Satana
Satara
Satgawan
Satghara
Sathamba
Sathankulam
Sathiyavijayanagaram
Sathkar
Sathupalle
Sathuvachari
Sathyamangala
Sathyamangalam
Satigachha
Satiyava
Satlapur
Satna
Satpokhari
Satrampadu
Satrikh
Satrod Kalan
Satrod Khas
Satrod Khurd
Sattenapalle
Sattur
Satwas
Satyamangala
Satyewala
Saunda
Saundatti-Yellamma
Saunkh
Saurikh
Sausar
Savanur
Savarkundla
Savda
Savgadh
Savli
Savner
Sawa
Sawai Madhopur
Sawangi
Sawantwadi
Sawari Jawharnagar
Sawer
Sayadpur
Sayalgudi
Sayan
Sayapuram
Sector 11 & Sector 12 Part II
Secunderabad
Sedam
Seemalwara
Seer Hamdan
Seerapalli
Seevur
Sehara
Sehore
Seithur
Sekmai Bazar
Selamba
Selathampatti
Semari
Semaria
Sembakkam
Sembedu
Sembianallur
Semmipalayam
Senapiratti
Senchoa Gaon
Sendhwa
Sengamalanachiarpatti
Senneerkuppam
Senthamangalam
Sentharapatti
Senur
Seohara
Seondha
Seoni
Seoni Malwa
Seoni-Malwa
Seota
Sepon
Seppa
Seraikela
Serampore
Serchhip
Serilingampalle
Serpur
Sethia
Sethiathoppu
Sethiya
Sevilimedu
Sevugampatti
Sevur
Sewai
Sewalkhas
Sewarhi
Shafi Pur Ranhola
Shafipur
Shah Pur
Shaha Urf Pipalgaon
Shahabad
Shahabad ACC
Shahade
Shahapur
Shahbad
Shahbudinpur
Shahdol
Shahganj
Shahgarh
Shahi
Shahjahanpur
Shahjahanpur Cantonment
Shahjangi
Shahkot
Shahpur
Shahpura
Shajapur
Shakar Pur Baramad
Shaktigarh
Shaktinagar
Sham ChaurasI
Shamchaurasi
Shamgarh
Shamli
Shamsabad
Shamshabad
Shamshi
Shangus
Shankara
Shankarampet A
Shankargarh
Shankhanagar
Shantipur
Shapur
Shashati
Shegaon
Shehera
Sheikhpura
Shekhpura
Shelar
Shenbakkam
Shendurjana
Shenkottai
Sheoganj
Sheohar
Sheopur
Sheragada
Shergarh
Sherghati
Sherkot
Sherpura
Shibalaya
Shiggaon
Shikar
Shikarpur
Shikohabad
Shilda
Shillong
Shillong Cantonment
Shillong Cantt.
Shimla
Shimoga
Shimulpur
Shirdi
Shirgaon
Shirhatti
Shiribagilu
Shiriya
Shirpur-Warwade
Shirur
Shirwal
Shishgarh
Shivaji Nagar
Shivajinagar
Shivani
Shivar
Shivatkar
Shivatkar (Nira)
Shivdaspur
Shivli
Shivnandanpur
Shivpur Charcha
Shivpuri
Shivrajpur
Shivrinarayan
Shivunipalle
Shohratgarh
Sholavandan
Sholinganallur
Sholingur
Sholur
Shoranur
Shorapur
Shravanabelgola
Shrigonda
Shrirampur
Shrirampur(Rural)
Shrirangapattana
Shrivardhan
Shujalpur
Shupiyan
Shuvararah
Shyamdhan
Shyampur
Sialgudri
Siana
Sibdanga Badarpur
Sibnagar
Sibsagar
Siddapur
Siddharthnagar
Siddhaur
Siddipet
Sidhauli
Sidhi
Sidhpur
Sidhpura
Sidlaghatta
Sidsar
Siduli
Sihor
Sihora
Sijhua
Sijua
Sikanderpur
Sikandra
Sikandra Rao
Sikandrabad
Sikandrarao
Sikar
Sikhong Sekmai
Sikka
Sikkarayapuram
Sikri Kalan
Silaiman
Silampur
Silao
Silapadi
Silapathar
Silchar
Silchar Part-X
Siliguri
Sillewada
Sillod
Siltara
Silvassa
Silwani
Simaluguri
Simdega
Simga
Simhat
Simla
Simlapal
Simurali
Sindgi
Sindhawali
Sindhnur
Sindi
Sindi Turf Hindnagar
Sindkhed Raja
Sindri
Sinduria
Singahi Bhiraura
Singampuneri
Singaperumalkoil
Singapur
Singarayakonda
Singarbil
Singarva
Singhana
Singhesar Asthan
Singnapur
Singoli
Singrauli
Singtam
Singtam Tea Garden
Singur
Sinhasa
Sini
Sinnar
Siolim
Sir Gobardhan
Sira
Sirakol
Siralkoppa
Siras Pur
Sirathu
Sirauli
Sircar Periapalayam
Sircilla
Sirgiti
Sirgitti
Sirgora
Sirhind -Fategarh
Sirhind Fatehgarh Sahib
Sirka
Sirkali
Sirmaur
Sirmour
Sirohi
Sironcha Ry.
Sironj
Sirsa
Sirsaganj
Sirsha
Sirsi
Sirsia
Sirsilla
Sirugamani
Siruguppa
Sirukalathur
Sirukaveripakkam
Sirumugai
Sisauli
Sisha-Jumrha
Siswa Bazar
Sitamarhi
Sitamau
Sitapur
Sitarganj
Sithayankottai
Sithurajapuram
Siuliban
Sivaganga
Sivagiri
Sivagiripatti
Sivagnanapuram
Sivakasi
Sivanthipuram
Sivasagar
Siwan
Siwani
Soanpet
Sobhaganj
Socorro
Socorro (Serula)
Sogariya
Sohagpur
Sohana
Sohela
Sohna
Sojat
Sojat Road
Sojitra
Solan
Solapur
Solgohalia
Solsumba
Som
Somandepalle
Somayampalayam
Someshwar
Sompeta
Somvarpet
Sonada Khasmahal
Sonamukhi
Sonamura
Sonapur
Sonapur Gaon
Sonari
Sonatala
Sonatikiri
Sonbhadra
Sonda
Sonegaon
Sonegaon (Nipani)
Sonepur
Songadh
Songirwadi Rural
Sonipat
Sonkatch
Sonpeth
Sool Koot
Soolakkarai
Soorapattu
Sopore
Sorab
Soraon
Soro
Soron
South Dumdum
South Kannanur
South Kodikulam
South Nallur
South Thrikkaripur
Soyagaon
Soyatkalan
Spituk
Sreekaryam
Sri Hargobindpur
Sri Madhopur
Srikakulam
Srikalahasti
Srikalikapuram
Srikantabati
Srimantapur
Srimushnam
Srinagar
Sringeri
Srinivaspur
Sriperumbudur
Sripur
Sriramapuram
Sriramnagar
Srirampur
Srirampura
Srisailam  Project (RFC) Township
Srisailam Project RFC Township
Srisailamgudem Devasthanam
Srivaikuntam
Srivilliputhur
St. Thomas Mount-cum-Pallavaram
St.Thomas Mount-cum-Pallavaram
Sualkuchi
Suar
Subalaya
Subarnapur
Subeha
Suchindram
Suchindrum
Sufipind
Sugauli
Sugnu
Suhagi
Suheli Cheriyakara
Suheli Valiyakara
Sujangarh
Sujanpur
Sujavalpur
Sukdal
Suket
Sukhiapokhri
Sukhmalpur Nizamabad
Sukhpar
Sukhrali
Sukma
Sulanggari
Sulebhavi
Suleeswaranpatti
Sulluru
Sultan Pur
Sultan Pur Majra
Sultanganj
Sultanpur
Sultanpur Lodhi
Sulur
Sulya
Sumaitheerthapuram
Sumbal
Sumerganj Mandi
Sumerpur
Sunabeda
Sunam
Sunari Kalan
Sundarapandiam
Sundarapandianpattinam
Sundarapandiapuram
Sundargarh
Sundarkhed
Sundarnagar
Sunderbani
Sundna
Sunhaira
SuPallipattu
Supaul
Surada
Surajgarh
Surajkaradi
Surajpur
Surala
Surampatti
Surandai
Suranga
Surankote
Surat
Suratgarh
Surendranagar Dudhrej
Surgana
Suri
Suriyampalayam
Suriyawan
Surul
Suryapet
Suryaraopeta
Susner
Susuwahi
Suthaliya
Suthana Barsola
Sutrapada
Suvani
Suwasara
Suzabad
Swamibagh
Swamimalai
Swangrampur
Swroop Nagar
T.Kallupatti
Tada Khandrika
Tadali
Tadepalle
Tadepalligudem
Tadigadapa
Tadpatri
Taherpur
Taj Pul
Tajpura
Takagach
Takalghat
Takali Pr. Chalisgaon
Takhatgarh
Takhatpur
Takhlibilar Pathar
Taki
Takyel Mapal
Tal
Talai
Talaja
Talakkad
Talala
Talapady
Talbandha
Talbehat
Talcher
Talcher Thermal Power Station Township
Taldi
Talegaon Dabhade
Talen
Talera
Talgram
Talikkulam
Talikota
Talipady
Taliparamba
Talkhapur Dumra
Tallapalle
Talod
Talode
Talode Panchnad
Taloje Panchnad
Talwandi Bhai
Talwandi Sabo
Talwara
Tambaram
Tambaur-cum-Ahamdabad
Tambaur-cum-Ahmadabad
Tamenglong
Tamgaon
Tamluk
Tanakpur
Tanalur
Tanda
Tandur
Tangapur
Tangdhar
Tangellamudi
Tangi
Tangla
Tanr Balidih
Tanuku
Taoru
Tapa
Taping
Tapookra
Tappa
Tarakeswar
Tarana
Taranagar
Taraori
Tarapur
Tarapur Pt VI
Tarapur VII
Tarbha
Tari
Tarichar Kalan
Taricharkalan
Tarikere
Tarn Taran
Tarsadi
Tarsali
Tasgaon
Tatarpur Lallu
Tathavade
Tati
Tattilli
Tawang
Tayilupatti
Teegalapahad
Teegalpahad
Teghari
Tegheria
Teghra
Tehatta
Tehri
Tekadi
Tekanpur
Tekari
Tekkalakota
Tekkalakote
Tekkali
Teleni Para
Telgaon
Telhara
Teliamura
Telipara Tea Garden D
Telkap
Telo
Telodih
Tenali
Tendu Kheda
Tendukheda
Tenkanidyoor
Tenkasi
Tensa
Tentulkuli
Tenu
Tenu Dam-cum- Kathhara
Tenu Dam-Cum-Kathhara
Teok
Teonthar
Terdal
Terkukallikulam
Termi
Tetri Bazar
Tezpur
Tezu
Thadikarankonam
Thadikombu
Thaikattussery
Thaikkad
Thakkolam
Thakurdwara
Thakurganj
Thalainayar
Thalakkulathur
Thalakudi
Thalassery
Thallapalle
Thaltej
Thamaraikulam
Thammampatti
Than-Khamharia
Thana
Thana Bhawan
Thanakkankulam
Thanamandi
Thandla
Thane
Thanesar
Thangadh
Thangalur
Thanjavur
Thanneermukkam
Thanniyam
Thanthoni
Thappakuttai
Thara
Tharad
Tharamangalam
Tharangambadi
Tharial
Tharike
Thasra
Thathaiyangarpet
Thathankuttai
Thazhakara
Thazhakudy
Thazhecode
Thazhuthala
Thedavur
Theerthagiriyampattu
Thekashu Pt-I
Thekashu Pt.-II
Thekkumbhagom
Thekkumkara
Thenambakkam
Thengampudur
Thenhippalam
Theni Allinagaram
Thenkarai
Thennala
Thenthamaraikulam
Thenthiruperai
Thenzawl
Theog
Therur
Thesur
Thevaram
Thevur
Thiagadurgam
Thikkanamcode
Thikkody
Thimmapur
Thindal
Thingalnagar
Thiriya Nizamat Khan
Thirparappu
Thirukarungudi
Thirukattupalli
Thirukkattupalli
Thirumalairayanpattinam
Thirumalayampalayam
Thirumalpur
Thirumangalam
Thirumazhisai
Thirumittacode-II
Thirumuruganpoondi
Thirunagar
Thirunageswaram
Thirunavaya
Thiruneermalai
Thirunindravur
Thiruparankundram
Thiruparappu
Thiruporur
Thiruppalai
Thiruppanandal
Thirupuvanam
Thiruthangal
Thiruthuraipoondi
Thiruvaiyaru
Thiruvalam
Thiruvalla
Thiruvallur
Thiruvananthapuram
Thiruvankulam
Thiruvarur
Thiruvattar
Thiruvattaru
Thiruvenkadam
Thiruvenkatam
Thiruvennainallur
Thiruverumbur
Thiruvidaimarudur
Thiruvithancode
Thiruvithankodu
Thisayanvilai
Thittacheri
Thodiyoor
Thodupuzha
Thokur-62
Tholur
Thondamuthur
Thondi
Thongju
Thongkhong Laxmi Bazar
Thoothukkudi
Thorapadi
Thorrur
Thottada
Thottipalayam
Thottiyam
Thoubal
Thozhur
Thrikkadavoor
Thrikkaruva
Thrikkodithanam
Thrikkovilvattom
Thrippunithura
Thrissur
Thrithala
Thudiyalur
Thumbe
Thummalamenta
Thuneri
Thuraiyur
Thurayur
Thuthipattu
Thuvakudi
Tibri
Tifra
Tigri
Tihu
Tijara
Tikait Nagar
Tikamgarh
Tikari
Tikarpada
Tikri
Tikri Kalan
Tikri Khurd
Tilakkam (I)
Tilakkam (II)
Tilakkam (III)
Tilang Pur Kotla
Tilda Newra
Tilhar
Tilpat
Tilthi
Timarni
Timiri
Tin Pahar
Tindivanam
Tindwari
Tinnakara
Tinsukia
Tiorkhali
Tipo
Tiptur
Tira Sujanpur
Tirodi
Tirora
Tirthahalli
Tiruchanur
Tiruchendur
Tiruchengode
Tiruchirappalli
Tirukalukundram
Tirukkoyilur
Tirumakudal Narsipur
Tirumakudal-Narsipur
Tirumala
Tirumalaigiri
Tirunelveli
Tirupathur
Tirupati
Tirupati (NMA)
Tirupati NMA
Tirupattur
Tiruppur
Tirur
Tirurangadi
Tirusulam
Tiruttani
Tiruvannamalai
Tiruverkadu
Tiruvethipuram
Tiruvottiyur
Tirwaganj
Tisa
Tisra
Titabor Town
Titagarh
Titlagarh
Titron
Tittacheri
Tittakudi
Tittangulam
Tlabung
TNPL Pugalur
Todabhim
Todaraisingh
Todra
Tohana
Tola Baliadih
Tola Chain
Tola Mansaraut
Tola Pairamatihana
Tondi Fatehpur
Tonk
Tonk Khurd
Tonse East
Topa
Topchanchi
Topsi
Torban
Torban (Khetri Leikai)
Torpa
Tosham
Totaladoh
Toto
Trajpar
Tral
Trehgam
Trikkur
Trimbak
Triprangode
Trivandrum
Tseminyu
Tsudikong
Tuensang
Tufanganj
Tukhmir Pur
Tuli
Tuljapur
Tulshighata
Tulsipur
Tumgaon
Tumkur
Tummikapalle
Tumsar
Tundiul
Tundla
Tundla Kham
Tundla Railway Colony
Tundla Rly. Colony
Tundra
Tuni
Tupkhana Pt I
Tura
Turkayamjal
Turuvekere
Tushura
Uchana
Uchgaon
Udaipur
Udaipura
Udaipurwati
Udala
Udalguri
Udang
Udangudi
Udayarpalayam
Udgir
Udhagamandalam
Udhampur
Udiana
Udma
Udpura
Udumalaipettai
Udupi
Udyavara
Ugra Kheri
Ugu
Ujalaiwadi
Ujhani
Ujhari
Ujjain
Ujwa
Ukai
Ukhra
Ukhrul
Uklana Mandi
Uklanamandi
Ukwa
Ula
Ulhasnagar
Uliyazhathura
Ullal
Ulliyeri
Ullur
Uluberia
Ulundurpettai
Umarga
Umarha
Umari Pr. Akola
Umaria
Umarkhed
Umarkote
Umarsara
Umbar Pada Nandade
Umbergaon
Umbergaon INA
Umlyngka
Umpling
Umrala
Umrangso
Umred
Umreth
Umri
Umri Kalan
Umri Pragane Balapur
Umroi
Umru Khurd
Un
Una
Uncha Siwana
Unchahar
Unchahara
Unchehara
Undera
Unhel
Uniara
Unjalaur
Unjalur
Unjha
Unnamalaikadai
Unnao
Upar Hali
Upleta
Uppal Kalan
Uppala
Upper Sileru Project Site Camp
Upper Tadong
Uppidamangalam
Uppiliapuram
Uppinangady
Urakam
Uran
Uran Islampur
Urapakkam
Uravakonda
Uri
Urimari
Urjanagar
Urla
Urmar Tanda
Usawan
Usehat
Usgao
Usilampatti
Uska Bazar
Usthi
Usuppur
Utai
Utarlai
Utekhol
Uthamapalayam
Uthangarai
Uthayendram
Uthiramerur
Uthukkottai
Uthukuli
Utnur
Utran
Utraula
Uttampur
Uttar Athiabari
Uttar Bagdogra
Uttar Bagundi
Uttar Bishnupur
Uttar Champamura
Uttar Durgapur
Uttar Goara
Uttar Jhapardaha
Uttar Kalas
Uttar Kamakhyaguri
Uttar Krishnapur Part-I
Uttar Krishnapur Pt III
Uttar Kusum
Uttar Latabari
Uttar Madarihat
Uttar Mahammadpur
Uttar Pirpur
Uttar Raypur
Uttar Satali
Uttarahalli
Uttarkashi
Uttarpara Kotrung
Uttarparanij
V. Pudur
V.Pudupatti
Vada
Vadakara
Vadakarai Keezhpadugai
Vadakkanandal
Vadakkekad
Vadakkekara
Vadakkumbhagom
Vadakkumkara
Vadakkummuri
Vadakkumthala
Vadakkuvalliyur
Vadali
Vadalur
Vadama
Vadamadurai
Vadanappally
Vadavalli
Vaddakkankulam
Vaddeswaram
Vaddu
Vadfalya
Vadgaon
Vadgaon Kasba
Vadghar
Vadi
Vadia
Vadipatti
Vadnagar
Vadodara
Vadugapatti
Vaghodia
Vaghodia INA
Vaijapur
Vaikom
Vairengte
Vaitheeswarankoil
Vakkom
Valangaiman
Valapattanam
Valasaravakkam
Valathur
Valavandankottai
Valavanur
Valayam
Valayambattu
"Valia-Jhagadia, GNFC Scooter Project Area"
Valia-Naldhari
Vallabh Vidhyanagar
Vallabh Vidyanagar
Vallabhipur
Vallachira
Vallam
Valparai
Valpoi
Valsad
Valsad INA
Valvaithankoshtam
Vanagaram
Vanapadi
Vanasthali
Vanavasi
Vandalur
Vandavasi
Vandiyur
Vangani
Vanganur
Vaniputhur
Vaniyambadi
Vaniyamkulam- II
Vanniyoor
Vanthali
Vanvadi (Sadashivgad)
Vaparala
Vapi
Vapi INA
Varadarajanpettai
Varam
Varamballi
Varanasi
Varanasi Cantonment
Varangaon
Varappuzha
Varca
Vareli
Varkala
Vartej
Vasai
Vasai-Virar City
Vasantnagar
Vashind
Vasna Borsad INA
Vastral
Vastrapur
Vasudevanallur
Vathirairuppu
Vattappara
Vattiyoorkavu
Vatwarlapalle
Vavarai
Vavdi Bujarg
Vavol
Vayalar
Vazhakkala
Vazhakulam
Vazhapadi
Vazhayur
Vedapatti
Vedaranyam
Vedasandur
Veeraganur
Veerakeralam
Veerakkalpudur
Veerapandi
Veerapandianpattinam Town
Veerappanchatiram
Veerappanchatram
Veeravanallur
Veerbhadra
Vehicle Fac. Jabalpur
Vehicle Factory Area Jabalpur
Veiloor
Vejalpur
Velampalayam
Velankanni
Velayudampalayam
Vellakinar
Vellakkalpatty
Vellakoil
Vellalur
Vellamcode
Vellanikkara
Vellaravalli
Vellimalai
Vellookkara
Velloorkunnam
Vellore
Vellottamparappu
Velur
Veluthur
Vembadithalam
Vemulawada R
Vengampudur
Venganoor
Vengara
Vengathur
Vengavasal
Vengikkal
Venginissery
Vengola
Vengurla
Venkarai
Venkatachalapuram
Venkatagiri
Venkatapura
Venkatapuram
Venkatraipur
Venkitangu
Venmanad
Vennanthur
Vepagunta
Veparala
Veppathur
Veraval
Verkilambi
Verna
Vetapalem
Vettaikaranpudur
Vettavalam
Vicarabad
Vidisha
Vidyavihar
Vijaigarh
Vijainagar
Vijalpor
Vijapur
Vijay Pur
Vijayapura
Vijayapuram
Vijayapuri
Vijayapuri (North)
Vijayapuri North
Vijayawada
Vijaynagar
Vijaypur
Vijayraghavgarh
Vikasnagar
Vikramasingapuram
Vikramgad
Vikravandi
Vilacheri
Vilangudi
Vilankurichi
Vilapakkam
Vilappil
Vilar
Vilathikulam
Vilathurai
Vilavancode
Vilavoorkkal
Vilavur
Vilholi
Villianur
Villiappally
Villimar Kundi
Villukuri
Viluppuram
Vinnamala
Vinukonda
Viraganur
Virajpet
Viralimalai
Viramgam
Virar
Viratnagar
Virbhadra
Virinchipuram
Viringili
Virpur
Virudampattu
Virudhachalam
Virudhunagar
Virupakshipuram
Visakhapatnam
Visapur
Visavadar
Vishrampur
Visnagar
Visrampuree
Viswanatham
Vita
Vithal Udyognagar INA
Vittal
Vitthal Udyognagar INA
Vizianagaram
Vrindavan
Vyara
Vylathur
Wadagaon
Wadakkanchery
Waddhamana
Wadgaon Kolhati
Wadgaon Road
Wadhwan
Wadi
Wadi ACC
Wadi Ratnagiri
Wadrafnagar
Waghai
Waghapur
Waghoda
Wagholi
Wai
Wail
Wajegaon
Walajabad
Walajapet
Walani
Walidpur
Waliv
Waluj Bk.
Walwadi
Wanadongri
Wanaparthi
Wanaparthy
Wangjing
Wangoi
Wani
Wankaner
Wara Seoni
Warangal
Waraseoni
Wardha
Warhapur
Warisaliganj
Warora
Warthi
Warud
Washim
Watra Gam
Wazirganj
Weir
Wellington
Williamnagar
Wokha
Xeldem
Yadagirigutta
Yadgir
Yairipok
Yamunanagar
Yanam
Yari Pora
Yavatmal
Yavatmal R
Yawal
Yehiapur
Yelahanka
Yelamanchili
Yelandur
Yelbarga
Yellandu
Yellapur
Yellareddy
Yellur
Yemmiganur
Yenagudde
Yenamalakuduru
Yenugonda
Yenumalapalle
Yercaud
Yerkheda
Yerrabalem
Yerraguntla
Yevla
Yewalewadi
Yingkiong
Yol
Yol Cantonment
Zadgaon
Zahirabad
Zaidpur
Zalod
Zamania
Zamin Uthukuli
Zawlnuam
Zenhang Lamka
Ziauddin Pur
Zira
Zirakpur
Ziro
Zotirpada
Zunheboto
Zuzuvadi